"ref_area.label","indicator.label","source.label","time","obs_value"
"Afghanistan","Output per worker (GDP constant 2015 US $) -- ILO modelled estimates, Nov. 2022","ILO - Modelled Estimates","2020",2565.1
"Afghanistan","Output per worker (GDP constant 2015 US $) -- ILO modelled estimates, Nov. 2022","ILO - Modelled Estimates","2019",2377.11
"Afghanistan","Output per worker (GDP constant 2015 US $) -- ILO modelled estimates, Nov. 2022","ILO - Modelled Estimates","2018",2378.24
"Afghanistan","Output per worker (GDP constant 2015 US $) -- ILO modelled estimates, Nov. 2022","ILO - Modelled Estimates","2017",2443.41
"Afghanistan","Output per worker (GDP constant 2015 US $) -- ILO modelled estimates, Nov. 2022","ILO - Modelled Estimates","2016",2441.31
"Afghanistan","Output per worker (GDP constant 2015 US $) -- ILO modelled estimates, Nov. 2022","ILO - Modelled Estimates","2015",2435.96
"Afghanistan","Output per worker (GDP constant 2015 US $) -- ILO modelled estimates, Nov. 2022","ILO - Modelled Estimates","2014",2471.89
"Afghanistan","Output per worker (GDP constant 2015 US $) -- ILO modelled estimates, Nov. 2022","ILO - Modelled Estimates","2013",2530.69
"Afghanistan","Output per worker (GDP constant 2015 US $) -- ILO modelled estimates, Nov. 2022","ILO - Modelled Estimates","2012",2513.32
"Australia","Output per worker (GDP constant 2015 US $) -- ILO modelled estimates, Nov. 2022","ILO - Modelled Estimates","2022",115930.72
"Australia","Output per worker (GDP constant 2015 US $) -- ILO modelled estimates, Nov. 2022","ILO - Modelled Estimates","2021",115793.33
"Australia","Output per worker (GDP constant 2015 US $) -- ILO modelled estimates, Nov. 2022","ILO - Modelled Estimates","2020",114716.52
"Australia","Output per worker (GDP constant 2015 US $) -- ILO modelled estimates, Nov. 2022","ILO - Modelled Estimates","2019",115603.81
"Australia","Output per worker (GDP constant 2015 US $) -- ILO modelled estimates, Nov. 2022","ILO - Modelled Estimates","2018",115800.29
"Australia","Output per worker (GDP constant 2015 US $) -- ILO modelled estimates, Nov. 2022","ILO - Modelled Estimates","2017",115609.71
"Australia","Output per worker (GDP constant 2015 US $) -- ILO modelled estimates, Nov. 2022","ILO - Modelled Estimates","2016",115591.52
"Australia","Output per worker (GDP constant 2015 US $) -- ILO modelled estimates, Nov. 2022","ILO - Modelled Estimates","2015",114480.49
"Australia","Output per worker (GDP constant 2015 US $) -- ILO modelled estimates, Nov. 2022","ILO - Modelled Estimates","2014",114299.77
"Australia","Output per worker (GDP constant 2015 US $) -- ILO modelled estimates, Nov. 2022","ILO - Modelled Estimates","2013",112268.3
"Australia","Output per worker (GDP constant 2015 US $) -- ILO modelled estimates, Nov. 2022","ILO - Modelled Estimates","2012",110404.9
"Bangladesh","Output per worker (GDP constant 2015 US $) -- ILO modelled estimates, Nov. 2022","ILO - Modelled Estimates","2022",4311.4
"Bangladesh","Output per worker (GDP constant 2015 US $) -- ILO modelled estimates, Nov. 2022","ILO - Modelled Estimates","2021",4143.3
"Bangladesh","Output per worker (GDP constant 2015 US $) -- ILO modelled estimates, Nov. 2022","ILO - Modelled Estimates","2020",3966.99
"Bangladesh","Output per worker (GDP constant 2015 US $) -- ILO modelled estimates, Nov. 2022","ILO - Modelled Estimates","2019",3839.03
"Bangladesh","Output per worker (GDP constant 2015 US $) -- ILO modelled estimates, Nov. 2022","ILO - Modelled Estimates","2018",3636.15
"Bangladesh","Output per worker (GDP constant 2015 US $) -- ILO modelled estimates, Nov. 2022","ILO - Modelled Estimates","2017",3467.66
"Bangladesh","Output per worker (GDP constant 2015 US $) -- ILO modelled estimates, Nov. 2022","ILO - Modelled Estimates","2016",3458.47
"Bangladesh","Output per worker (GDP constant 2015 US $) -- ILO modelled estimates, Nov. 2022","ILO - Modelled Estimates","2015",3289.72
"Bangladesh","Output per worker (GDP constant 2015 US $) -- ILO modelled estimates, Nov. 2022","ILO - Modelled Estimates","2014",3144.21
"Bangladesh","Output per worker (GDP constant 2015 US $) -- ILO modelled estimates, Nov. 2022","ILO - Modelled Estimates","2013",3021.32
"Bangladesh","Output per worker (GDP constant 2015 US $) -- ILO modelled estimates, Nov. 2022","ILO - Modelled Estimates","2012",2894.34
"Brunei Darussalam","Output per worker (GDP constant 2015 US $) -- ILO modelled estimates, Nov. 2022","ILO - Modelled Estimates","2022",64197.6
"Brunei Darussalam","Output per worker (GDP constant 2015 US $) -- ILO modelled estimates, Nov. 2022","ILO - Modelled Estimates","2021",64494.98
"Brunei Darussalam","Output per worker (GDP constant 2015 US $) -- ILO modelled estimates, Nov. 2022","ILO - Modelled Estimates","2020",66528.75
"Brunei Darussalam","Output per worker (GDP constant 2015 US $) -- ILO modelled estimates, Nov. 2022","ILO - Modelled Estimates","2019",65607.44
"Brunei Darussalam","Output per worker (GDP constant 2015 US $) -- ILO modelled estimates, Nov. 2022","ILO - Modelled Estimates","2018",64230.15
"Brunei Darussalam","Output per worker (GDP constant 2015 US $) -- ILO modelled estimates, Nov. 2022","ILO - Modelled Estimates","2017",68281.4
"Brunei Darussalam","Output per worker (GDP constant 2015 US $) -- ILO modelled estimates, Nov. 2022","ILO - Modelled Estimates","2016",67024.26
"Brunei Darussalam","Output per worker (GDP constant 2015 US $) -- ILO modelled estimates, Nov. 2022","ILO - Modelled Estimates","2015",68548.49
"Brunei Darussalam","Output per worker (GDP constant 2015 US $) -- ILO modelled estimates, Nov. 2022","ILO - Modelled Estimates","2014",68632.08
"Brunei Darussalam","Output per worker (GDP constant 2015 US $) -- ILO modelled estimates, Nov. 2022","ILO - Modelled Estimates","2013",70801.77
"Brunei Darussalam","Output per worker (GDP constant 2015 US $) -- ILO modelled estimates, Nov. 2022","ILO - Modelled Estimates","2012",72838.92
"Bhutan","Output per worker (GDP constant 2015 US $) -- ILO modelled estimates, Nov. 2022","ILO - Modelled Estimates","2022",6675.61
"Bhutan","Output per worker (GDP constant 2015 US $) -- ILO modelled estimates, Nov. 2022","ILO - Modelled Estimates","2021",6617.94
"Bhutan","Output per worker (GDP constant 2015 US $) -- ILO modelled estimates, Nov. 2022","ILO - Modelled Estimates","2020",7073.53
"Bhutan","Output per worker (GDP constant 2015 US $) -- ILO modelled estimates, Nov. 2022","ILO - Modelled Estimates","2019",6912.4
"Bhutan","Output per worker (GDP constant 2015 US $) -- ILO modelled estimates, Nov. 2022","ILO - Modelled Estimates","2018",6695.24
"Bhutan","Output per worker (GDP constant 2015 US $) -- ILO modelled estimates, Nov. 2022","ILO - Modelled Estimates","2017",6596.28
"Bhutan","Output per worker (GDP constant 2015 US $) -- ILO modelled estimates, Nov. 2022","ILO - Modelled Estimates","2016",6397.27
"Bhutan","Output per worker (GDP constant 2015 US $) -- ILO modelled estimates, Nov. 2022","ILO - Modelled Estimates","2015",5997.41
"Bhutan","Output per worker (GDP constant 2015 US $) -- ILO modelled estimates, Nov. 2022","ILO - Modelled Estimates","2014",5776.68
"Bhutan","Output per worker (GDP constant 2015 US $) -- ILO modelled estimates, Nov. 2022","ILO - Modelled Estimates","2013",5337.79
"Bhutan","Output per worker (GDP constant 2015 US $) -- ILO modelled estimates, Nov. 2022","ILO - Modelled Estimates","2012",5347.63
"China","Output per worker (GDP constant 2015 US $) -- ILO modelled estimates, Nov. 2022","ILO - Modelled Estimates","2022",21714.53
"China","Output per worker (GDP constant 2015 US $) -- ILO modelled estimates, Nov. 2022","ILO - Modelled Estimates","2021",21008.24
"China","Output per worker (GDP constant 2015 US $) -- ILO modelled estimates, Nov. 2022","ILO - Modelled Estimates","2020",20277.11
"China","Output per worker (GDP constant 2015 US $) -- ILO modelled estimates, Nov. 2022","ILO - Modelled Estimates","2019",19128.41
"China","Output per worker (GDP constant 2015 US $) -- ILO modelled estimates, Nov. 2022","ILO - Modelled Estimates","2018",17981.67
"China","Output per worker (GDP constant 2015 US $) -- ILO modelled estimates, Nov. 2022","ILO - Modelled Estimates","2017",16823.15
"China","Output per worker (GDP constant 2015 US $) -- ILO modelled estimates, Nov. 2022","ILO - Modelled Estimates","2016",15706.47
"China","Output per worker (GDP constant 2015 US $) -- ILO modelled estimates, Nov. 2022","ILO - Modelled Estimates","2015",14711.83
"China","Output per worker (GDP constant 2015 US $) -- ILO modelled estimates, Nov. 2022","ILO - Modelled Estimates","2014",13757.01
"China","Output per worker (GDP constant 2015 US $) -- ILO modelled estimates, Nov. 2022","ILO - Modelled Estimates","2013",12822.39
"China","Output per worker (GDP constant 2015 US $) -- ILO modelled estimates, Nov. 2022","ILO - Modelled Estimates","2012",11900.96
"Fiji","Output per worker (GDP constant 2015 US $) -- ILO modelled estimates, Nov. 2022","ILO - Modelled Estimates","2022",12860.18
"Fiji","Output per worker (GDP constant 2015 US $) -- ILO modelled estimates, Nov. 2022","ILO - Modelled Estimates","2021",11677.81
"Fiji","Output per worker (GDP constant 2015 US $) -- ILO modelled estimates, Nov. 2022","ILO - Modelled Estimates","2020",12398.8
"Fiji","Output per worker (GDP constant 2015 US $) -- ILO modelled estimates, Nov. 2022","ILO - Modelled Estimates","2019",14684.42
"Fiji","Output per worker (GDP constant 2015 US $) -- ILO modelled estimates, Nov. 2022","ILO - Modelled Estimates","2018",14780.62
"Fiji","Output per worker (GDP constant 2015 US $) -- ILO modelled estimates, Nov. 2022","ILO - Modelled Estimates","2017",14258.57
"Fiji","Output per worker (GDP constant 2015 US $) -- ILO modelled estimates, Nov. 2022","ILO - Modelled Estimates","2016",13562.73
"Fiji","Output per worker (GDP constant 2015 US $) -- ILO modelled estimates, Nov. 2022","ILO - Modelled Estimates","2015",13127.07
"Fiji","Output per worker (GDP constant 2015 US $) -- ILO modelled estimates, Nov. 2022","ILO - Modelled Estimates","2014",12464.57
"Fiji","Output per worker (GDP constant 2015 US $) -- ILO modelled estimates, Nov. 2022","ILO - Modelled Estimates","2013",11580.73
"Fiji","Output per worker (GDP constant 2015 US $) -- ILO modelled estimates, Nov. 2022","ILO - Modelled Estimates","2012",10873.42
"Guam","Output per worker (GDP constant 2015 US $) -- ILO modelled estimates, Nov. 2022","ILO - Modelled Estimates","2022",73323.21
"Guam","Output per worker (GDP constant 2015 US $) -- ILO modelled estimates, Nov. 2022","ILO - Modelled Estimates","2021",74849.49
"Guam","Output per worker (GDP constant 2015 US $) -- ILO modelled estimates, Nov. 2022","ILO - Modelled Estimates","2020",75858.11
"Guam","Output per worker (GDP constant 2015 US $) -- ILO modelled estimates, Nov. 2022","ILO - Modelled Estimates","2019",81598.21
"Guam","Output per worker (GDP constant 2015 US $) -- ILO modelled estimates, Nov. 2022","ILO - Modelled Estimates","2018",79717.17
"Guam","Output per worker (GDP constant 2015 US $) -- ILO modelled estimates, Nov. 2022","ILO - Modelled Estimates","2017",80287.84
"Guam","Output per worker (GDP constant 2015 US $) -- ILO modelled estimates, Nov. 2022","ILO - Modelled Estimates","2016",79683.89
"Guam","Output per worker (GDP constant 2015 US $) -- ILO modelled estimates, Nov. 2022","ILO - Modelled Estimates","2015",80998.32
"Guam","Output per worker (GDP constant 2015 US $) -- ILO modelled estimates, Nov. 2022","ILO - Modelled Estimates","2014",81186.75
"Guam","Output per worker (GDP constant 2015 US $) -- ILO modelled estimates, Nov. 2022","ILO - Modelled Estimates","2013",83590.97
"Guam","Output per worker (GDP constant 2015 US $) -- ILO modelled estimates, Nov. 2022","ILO - Modelled Estimates","2012",83223.45
"Hong Kong, China","Output per worker (GDP constant 2015 US $) -- ILO modelled estimates, Nov. 2022","ILO - Modelled Estimates","2022",88551.13
"Hong Kong, China","Output per worker (GDP constant 2015 US $) -- ILO modelled estimates, Nov. 2022","ILO - Modelled Estimates","2021",88965.04
"Hong Kong, China","Output per worker (GDP constant 2015 US $) -- ILO modelled estimates, Nov. 2022","ILO - Modelled Estimates","2020",83967.89
"Hong Kong, China","Output per worker (GDP constant 2015 US $) -- ILO modelled estimates, Nov. 2022","ILO - Modelled Estimates","2019",85735.56
"Hong Kong, China","Output per worker (GDP constant 2015 US $) -- ILO modelled estimates, Nov. 2022","ILO - Modelled Estimates","2018",86276.48
"Hong Kong, China","Output per worker (GDP constant 2015 US $) -- ILO modelled estimates, Nov. 2022","ILO - Modelled Estimates","2017",84352.46
"Hong Kong, China","Output per worker (GDP constant 2015 US $) -- ILO modelled estimates, Nov. 2022","ILO - Modelled Estimates","2016",81592.57
"Hong Kong, China","Output per worker (GDP constant 2015 US $) -- ILO modelled estimates, Nov. 2022","ILO - Modelled Estimates","2015",80003.93
"Hong Kong, China","Output per worker (GDP constant 2015 US $) -- ILO modelled estimates, Nov. 2022","ILO - Modelled Estimates","2014",78797.47
"Hong Kong, China","Output per worker (GDP constant 2015 US $) -- ILO modelled estimates, Nov. 2022","ILO - Modelled Estimates","2013",77165
"Hong Kong, China","Output per worker (GDP constant 2015 US $) -- ILO modelled estimates, Nov. 2022","ILO - Modelled Estimates","2012",76337.39
"Indonesia","Output per worker (GDP constant 2015 US $) -- ILO modelled estimates, Nov. 2022","ILO - Modelled Estimates","2022",8478.53
"Indonesia","Output per worker (GDP constant 2015 US $) -- ILO modelled estimates, Nov. 2022","ILO - Modelled Estimates","2021",8245.39
"Indonesia","Output per worker (GDP constant 2015 US $) -- ILO modelled estimates, Nov. 2022","ILO - Modelled Estimates","2020",7885.54
"Indonesia","Output per worker (GDP constant 2015 US $) -- ILO modelled estimates, Nov. 2022","ILO - Modelled Estimates","2019",7991.11
"Indonesia","Output per worker (GDP constant 2015 US $) -- ILO modelled estimates, Nov. 2022","ILO - Modelled Estimates","2018",7838.28
"Indonesia","Output per worker (GDP constant 2015 US $) -- ILO modelled estimates, Nov. 2022","ILO - Modelled Estimates","2017",7608.99
"Indonesia","Output per worker (GDP constant 2015 US $) -- ILO modelled estimates, Nov. 2022","ILO - Modelled Estimates","2016",7419.59
"Indonesia","Output per worker (GDP constant 2015 US $) -- ILO modelled estimates, Nov. 2022","ILO - Modelled Estimates","2015",7146.82
"Indonesia","Output per worker (GDP constant 2015 US $) -- ILO modelled estimates, Nov. 2022","ILO - Modelled Estimates","2014",6872.5
"Indonesia","Output per worker (GDP constant 2015 US $) -- ILO modelled estimates, Nov. 2022","ILO - Modelled Estimates","2013",6645.53
"Indonesia","Output per worker (GDP constant 2015 US $) -- ILO modelled estimates, Nov. 2022","ILO - Modelled Estimates","2012",6336.26
"India","Output per worker (GDP constant 2015 US $) -- ILO modelled estimates, Nov. 2022","ILO - Modelled Estimates","2022",6000.66
"India","Output per worker (GDP constant 2015 US $) -- ILO modelled estimates, Nov. 2022","ILO - Modelled Estimates","2021",5818.82
"India","Output per worker (GDP constant 2015 US $) -- ILO modelled estimates, Nov. 2022","ILO - Modelled Estimates","2020",5621.32
"India","Output per worker (GDP constant 2015 US $) -- ILO modelled estimates, Nov. 2022","ILO - Modelled Estimates","2019",5733.56
"India","Output per worker (GDP constant 2015 US $) -- ILO modelled estimates, Nov. 2022","ILO - Modelled Estimates","2018",5905.32
"India","Output per worker (GDP constant 2015 US $) -- ILO modelled estimates, Nov. 2022","ILO - Modelled Estimates","2017",5538.68
"India","Output per worker (GDP constant 2015 US $) -- ILO modelled estimates, Nov. 2022","ILO - Modelled Estimates","2016",5186.5
"India","Output per worker (GDP constant 2015 US $) -- ILO modelled estimates, Nov. 2022","ILO - Modelled Estimates","2015",4792.31
"India","Output per worker (GDP constant 2015 US $) -- ILO modelled estimates, Nov. 2022","ILO - Modelled Estimates","2014",4439.71
"India","Output per worker (GDP constant 2015 US $) -- ILO modelled estimates, Nov. 2022","ILO - Modelled Estimates","2013",4137.77
"India","Output per worker (GDP constant 2015 US $) -- ILO modelled estimates, Nov. 2022","ILO - Modelled Estimates","2012",3896.29
"Iran, Islamic Republic of","Output per worker (GDP constant 2015 US $) -- ILO modelled estimates, Nov. 2022","ILO - Modelled Estimates","2022",19122.7
"Iran, Islamic Republic of","Output per worker (GDP constant 2015 US $) -- ILO modelled estimates, Nov. 2022","ILO - Modelled Estimates","2021",19026.35
"Iran, Islamic Republic of","Output per worker (GDP constant 2015 US $) -- ILO modelled estimates, Nov. 2022","ILO - Modelled Estimates","2020",18537.37
"Iran, Islamic Republic of","Output per worker (GDP constant 2015 US $) -- ILO modelled estimates, Nov. 2022","ILO - Modelled Estimates","2019",17181.06
"Iran, Islamic Republic of","Output per worker (GDP constant 2015 US $) -- ILO modelled estimates, Nov. 2022","ILO - Modelled Estimates","2018",17759.51
"Iran, Islamic Republic of","Output per worker (GDP constant 2015 US $) -- ILO modelled estimates, Nov. 2022","ILO - Modelled Estimates","2017",18506.7
"Iran, Islamic Republic of","Output per worker (GDP constant 2015 US $) -- ILO modelled estimates, Nov. 2022","ILO - Modelled Estimates","2016",18799.74
"Iran, Islamic Republic of","Output per worker (GDP constant 2015 US $) -- ILO modelled estimates, Nov. 2022","ILO - Modelled Estimates","2015",17754.62
"Iran, Islamic Republic of","Output per worker (GDP constant 2015 US $) -- ILO modelled estimates, Nov. 2022","ILO - Modelled Estimates","2014",18709.27
"Iran, Islamic Republic of","Output per worker (GDP constant 2015 US $) -- ILO modelled estimates, Nov. 2022","ILO - Modelled Estimates","2013",17911.2
"Iran, Islamic Republic of","Output per worker (GDP constant 2015 US $) -- ILO modelled estimates, Nov. 2022","ILO - Modelled Estimates","2012",18743.87
"Japan","Output per worker (GDP constant 2015 US $) -- ILO modelled estimates, Nov. 2022","ILO - Modelled Estimates","2022",67800.95
"Japan","Output per worker (GDP constant 2015 US $) -- ILO modelled estimates, Nov. 2022","ILO - Modelled Estimates","2021",66758.89
"Japan","Output per worker (GDP constant 2015 US $) -- ILO modelled estimates, Nov. 2022","ILO - Modelled Estimates","2020",65549.91
"Japan","Output per worker (GDP constant 2015 US $) -- ILO modelled estimates, Nov. 2022","ILO - Modelled Estimates","2019",68220.27
"Japan","Output per worker (GDP constant 2015 US $) -- ILO modelled estimates, Nov. 2022","ILO - Modelled Estimates","2018",68970.93
"Japan","Output per worker (GDP constant 2015 US $) -- ILO modelled estimates, Nov. 2022","ILO - Modelled Estimates","2017",69870.51
"Japan","Output per worker (GDP constant 2015 US $) -- ILO modelled estimates, Nov. 2022","ILO - Modelled Estimates","2016",69389.13
"Japan","Output per worker (GDP constant 2015 US $) -- ILO modelled estimates, Nov. 2022","ILO - Modelled Estimates","2015",69585.51
"Japan","Output per worker (GDP constant 2015 US $) -- ILO modelled estimates, Nov. 2022","ILO - Modelled Estimates","2014",68700.69
"Japan","Output per worker (GDP constant 2015 US $) -- ILO modelled estimates, Nov. 2022","ILO - Modelled Estimates","2013",69016.04
"Japan","Output per worker (GDP constant 2015 US $) -- ILO modelled estimates, Nov. 2022","ILO - Modelled Estimates","2012",68149.57
"Cambodia","Output per worker (GDP constant 2015 US $) -- ILO modelled estimates, Nov. 2022","ILO - Modelled Estimates","2022",2772.39
"Cambodia","Output per worker (GDP constant 2015 US $) -- ILO modelled estimates, Nov. 2022","ILO - Modelled Estimates","2021",2675.24
"Cambodia","Output per worker (GDP constant 2015 US $) -- ILO modelled estimates, Nov. 2022","ILO - Modelled Estimates","2020",2656.2
"Cambodia","Output per worker (GDP constant 2015 US $) -- ILO modelled estimates, Nov. 2022","ILO - Modelled Estimates","2019",2755.13
"Cambodia","Output per worker (GDP constant 2015 US $) -- ILO modelled estimates, Nov. 2022","ILO - Modelled Estimates","2018",2650.33
"Cambodia","Output per worker (GDP constant 2015 US $) -- ILO modelled estimates, Nov. 2022","ILO - Modelled Estimates","2017",2543.16
"Cambodia","Output per worker (GDP constant 2015 US $) -- ILO modelled estimates, Nov. 2022","ILO - Modelled Estimates","2016",2468.89
"Cambodia","Output per worker (GDP constant 2015 US $) -- ILO modelled estimates, Nov. 2022","ILO - Modelled Estimates","2015",2377.86
"Cambodia","Output per worker (GDP constant 2015 US $) -- ILO modelled estimates, Nov. 2022","ILO - Modelled Estimates","2014",2306.1
"Cambodia","Output per worker (GDP constant 2015 US $) -- ILO modelled estimates, Nov. 2022","ILO - Modelled Estimates","2013",2224.11
"Cambodia","Output per worker (GDP constant 2015 US $) -- ILO modelled estimates, Nov. 2022","ILO - Modelled Estimates","2012",2147.73
"Korea, Republic of","Output per worker (GDP constant 2015 US $) -- ILO modelled estimates, Nov. 2022","ILO - Modelled Estimates","2022",60979.6
"Korea, Republic of","Output per worker (GDP constant 2015 US $) -- ILO modelled estimates, Nov. 2022","ILO - Modelled Estimates","2021",61015.2
"Korea, Republic of","Output per worker (GDP constant 2015 US $) -- ILO modelled estimates, Nov. 2022","ILO - Modelled Estimates","2020",59183.76
"Korea, Republic of","Output per worker (GDP constant 2015 US $) -- ILO modelled estimates, Nov. 2022","ILO - Modelled Estimates","2019",59022.91
"Korea, Republic of","Output per worker (GDP constant 2015 US $) -- ILO modelled estimates, Nov. 2022","ILO - Modelled Estimates","2018",58307.25
"Korea, Republic of","Output per worker (GDP constant 2015 US $) -- ILO modelled estimates, Nov. 2022","ILO - Modelled Estimates","2017",56823.18
"Korea, Republic of","Output per worker (GDP constant 2015 US $) -- ILO modelled estimates, Nov. 2022","ILO - Modelled Estimates","2016",55749.46
"Korea, Republic of","Output per worker (GDP constant 2015 US $) -- ILO modelled estimates, Nov. 2022","ILO - Modelled Estimates","2015",54711.6
"Korea, Republic of","Output per worker (GDP constant 2015 US $) -- ILO modelled estimates, Nov. 2022","ILO - Modelled Estimates","2014",53911.91
"Korea, Republic of","Output per worker (GDP constant 2015 US $) -- ILO modelled estimates, Nov. 2022","ILO - Modelled Estimates","2013",53687.01
"Korea, Republic of","Output per worker (GDP constant 2015 US $) -- ILO modelled estimates, Nov. 2022","ILO - Modelled Estimates","2012",53047.42
"Lao People's Democratic Republic","Output per worker (GDP constant 2015 US $) -- ILO modelled estimates, Nov. 2022","ILO - Modelled Estimates","2022",6417.56
"Lao People's Democratic Republic","Output per worker (GDP constant 2015 US $) -- ILO modelled estimates, Nov. 2022","ILO - Modelled Estimates","2021",6455.21
"Lao People's Democratic Republic","Output per worker (GDP constant 2015 US $) -- ILO modelled estimates, Nov. 2022","ILO - Modelled Estimates","2020",6450.1
"Lao People's Democratic Republic","Output per worker (GDP constant 2015 US $) -- ILO modelled estimates, Nov. 2022","ILO - Modelled Estimates","2019",6523.96
"Lao People's Democratic Republic","Output per worker (GDP constant 2015 US $) -- ILO modelled estimates, Nov. 2022","ILO - Modelled Estimates","2018",6295.87
"Lao People's Democratic Republic","Output per worker (GDP constant 2015 US $) -- ILO modelled estimates, Nov. 2022","ILO - Modelled Estimates","2017",6030.32
"Lao People's Democratic Republic","Output per worker (GDP constant 2015 US $) -- ILO modelled estimates, Nov. 2022","ILO - Modelled Estimates","2016",5720.04
"Lao People's Democratic Republic","Output per worker (GDP constant 2015 US $) -- ILO modelled estimates, Nov. 2022","ILO - Modelled Estimates","2015",5421.09
"Lao People's Democratic Republic","Output per worker (GDP constant 2015 US $) -- ILO modelled estimates, Nov. 2022","ILO - Modelled Estimates","2014",5127.87
"Lao People's Democratic Republic","Output per worker (GDP constant 2015 US $) -- ILO modelled estimates, Nov. 2022","ILO - Modelled Estimates","2013",4836.88
"Lao People's Democratic Republic","Output per worker (GDP constant 2015 US $) -- ILO modelled estimates, Nov. 2022","ILO - Modelled Estimates","2012",4545.41
"Sri Lanka","Output per worker (GDP constant 2015 US $) -- ILO modelled estimates, Nov. 2022","ILO - Modelled Estimates","2022",10491.82
"Sri Lanka","Output per worker (GDP constant 2015 US $) -- ILO modelled estimates, Nov. 2022","ILO - Modelled Estimates","2021",11186.27
"Sri Lanka","Output per worker (GDP constant 2015 US $) -- ILO modelled estimates, Nov. 2022","ILO - Modelled Estimates","2020",10991.02
"Sri Lanka","Output per worker (GDP constant 2015 US $) -- ILO modelled estimates, Nov. 2022","ILO - Modelled Estimates","2019",11237.73
"Sri Lanka","Output per worker (GDP constant 2015 US $) -- ILO modelled estimates, Nov. 2022","ILO - Modelled Estimates","2018",11134.32
"Sri Lanka","Output per worker (GDP constant 2015 US $) -- ILO modelled estimates, Nov. 2022","ILO - Modelled Estimates","2017",10372.87
"Sri Lanka","Output per worker (GDP constant 2015 US $) -- ILO modelled estimates, Nov. 2022","ILO - Modelled Estimates","2016",10155.36
"Sri Lanka","Output per worker (GDP constant 2015 US $) -- ILO modelled estimates, Nov. 2022","ILO - Modelled Estimates","2015",9827.72
"Sri Lanka","Output per worker (GDP constant 2015 US $) -- ILO modelled estimates, Nov. 2022","ILO - Modelled Estimates","2014",9489.03
"Sri Lanka","Output per worker (GDP constant 2015 US $) -- ILO modelled estimates, Nov. 2022","ILO - Modelled Estimates","2013",9018.13
"Sri Lanka","Output per worker (GDP constant 2015 US $) -- ILO modelled estimates, Nov. 2022","ILO - Modelled Estimates","2012",8920.57
"Macau, China","Output per worker (GDP constant 2015 US $) -- ILO modelled estimates, Nov. 2022","ILO - Modelled Estimates","2022",54095.18
"Macau, China","Output per worker (GDP constant 2015 US $) -- ILO modelled estimates, Nov. 2022","ILO - Modelled Estimates","2021",69993.51
"Macau, China","Output per worker (GDP constant 2015 US $) -- ILO modelled estimates, Nov. 2022","ILO - Modelled Estimates","2020",61543.84
"Macau, China","Output per worker (GDP constant 2015 US $) -- ILO modelled estimates, Nov. 2022","ILO - Modelled Estimates","2019",131051.66
"Macau, China","Output per worker (GDP constant 2015 US $) -- ILO modelled estimates, Nov. 2022","ILO - Modelled Estimates","2018",135871.44
"Macau, China","Output per worker (GDP constant 2015 US $) -- ILO modelled estimates, Nov. 2022","ILO - Modelled Estimates","2017",130330.33
"Macau, China","Output per worker (GDP constant 2015 US $) -- ILO modelled estimates, Nov. 2022","ILO - Modelled Estimates","2016",120110.24
"Macau, China","Output per worker (GDP constant 2015 US $) -- ILO modelled estimates, Nov. 2022","ILO - Modelled Estimates","2015",121202.9
"Macau, China","Output per worker (GDP constant 2015 US $) -- ILO modelled estimates, Nov. 2022","ILO - Modelled Estimates","2014",155778.54
"Macau, China","Output per worker (GDP constant 2015 US $) -- ILO modelled estimates, Nov. 2022","ILO - Modelled Estimates","2013",163166.07
"Macau, China","Output per worker (GDP constant 2015 US $) -- ILO modelled estimates, Nov. 2022","ILO - Modelled Estimates","2012",150224.15
"Maldives","Output per worker (GDP constant 2015 US $) -- ILO modelled estimates, Nov. 2022","ILO - Modelled Estimates","2022",21636.37
"Maldives","Output per worker (GDP constant 2015 US $) -- ILO modelled estimates, Nov. 2022","ILO - Modelled Estimates","2021",20380.63
"Maldives","Output per worker (GDP constant 2015 US $) -- ILO modelled estimates, Nov. 2022","ILO - Modelled Estimates","2020",15686.04
"Maldives","Output per worker (GDP constant 2015 US $) -- ILO modelled estimates, Nov. 2022","ILO - Modelled Estimates","2019",22618.81
"Maldives","Output per worker (GDP constant 2015 US $) -- ILO modelled estimates, Nov. 2022","ILO - Modelled Estimates","2018",22535.52
"Maldives","Output per worker (GDP constant 2015 US $) -- ILO modelled estimates, Nov. 2022","ILO - Modelled Estimates","2017",22379.72
"Maldives","Output per worker (GDP constant 2015 US $) -- ILO modelled estimates, Nov. 2022","ILO - Modelled Estimates","2016",22528.54
"Maldives","Output per worker (GDP constant 2015 US $) -- ILO modelled estimates, Nov. 2022","ILO - Modelled Estimates","2015",22749.13
"Maldives","Output per worker (GDP constant 2015 US $) -- ILO modelled estimates, Nov. 2022","ILO - Modelled Estimates","2014",23848.52
"Maldives","Output per worker (GDP constant 2015 US $) -- ILO modelled estimates, Nov. 2022","ILO - Modelled Estimates","2013",23847.84
"Maldives","Output per worker (GDP constant 2015 US $) -- ILO modelled estimates, Nov. 2022","ILO - Modelled Estimates","2012",23722.37
"Myanmar","Output per worker (GDP constant 2015 US $) -- ILO modelled estimates, Nov. 2022","ILO - Modelled Estimates","2020",3642.98
"Myanmar","Output per worker (GDP constant 2015 US $) -- ILO modelled estimates, Nov. 2022","ILO - Modelled Estimates","2019",3509.6
"Myanmar","Output per worker (GDP constant 2015 US $) -- ILO modelled estimates, Nov. 2022","ILO - Modelled Estimates","2018",3236.21
"Myanmar","Output per worker (GDP constant 2015 US $) -- ILO modelled estimates, Nov. 2022","ILO - Modelled Estimates","2017",3111.59
"Myanmar","Output per worker (GDP constant 2015 US $) -- ILO modelled estimates, Nov. 2022","ILO - Modelled Estimates","2016",2903.1
"Myanmar","Output per worker (GDP constant 2015 US $) -- ILO modelled estimates, Nov. 2022","ILO - Modelled Estimates","2015",2598.09
"Myanmar","Output per worker (GDP constant 2015 US $) -- ILO modelled estimates, Nov. 2022","ILO - Modelled Estimates","2014",2534.65
"Myanmar","Output per worker (GDP constant 2015 US $) -- ILO modelled estimates, Nov. 2022","ILO - Modelled Estimates","2013",2361.18
"Myanmar","Output per worker (GDP constant 2015 US $) -- ILO modelled estimates, Nov. 2022","ILO - Modelled Estimates","2012",2206.15
"Mongolia","Output per worker (GDP constant 2015 US $) -- ILO modelled estimates, Nov. 2022","ILO - Modelled Estimates","2022",11267.94
"Mongolia","Output per worker (GDP constant 2015 US $) -- ILO modelled estimates, Nov. 2022","ILO - Modelled Estimates","2021",11230.91
"Mongolia","Output per worker (GDP constant 2015 US $) -- ILO modelled estimates, Nov. 2022","ILO - Modelled Estimates","2020",10651.15
"Mongolia","Output per worker (GDP constant 2015 US $) -- ILO modelled estimates, Nov. 2022","ILO - Modelled Estimates","2019",10793.89
"Mongolia","Output per worker (GDP constant 2015 US $) -- ILO modelled estimates, Nov. 2022","ILO - Modelled Estimates","2018",10943.22
"Mongolia","Output per worker (GDP constant 2015 US $) -- ILO modelled estimates, Nov. 2022","ILO - Modelled Estimates","2017",10373.61
"Mongolia","Output per worker (GDP constant 2015 US $) -- ILO modelled estimates, Nov. 2022","ILO - Modelled Estimates","2016",10183.9
"Mongolia","Output per worker (GDP constant 2015 US $) -- ILO modelled estimates, Nov. 2022","ILO - Modelled Estimates","2015",9738.73
"Mongolia","Output per worker (GDP constant 2015 US $) -- ILO modelled estimates, Nov. 2022","ILO - Modelled Estimates","2014",9602.02
"Mongolia","Output per worker (GDP constant 2015 US $) -- ILO modelled estimates, Nov. 2022","ILO - Modelled Estimates","2013",9070.98
"Mongolia","Output per worker (GDP constant 2015 US $) -- ILO modelled estimates, Nov. 2022","ILO - Modelled Estimates","2012",8146.65
"Malaysia","Output per worker (GDP constant 2015 US $) -- ILO modelled estimates, Nov. 2022","ILO - Modelled Estimates","2022",22463.96
"Malaysia","Output per worker (GDP constant 2015 US $) -- ILO modelled estimates, Nov. 2022","ILO - Modelled Estimates","2021",21881.37
"Malaysia","Output per worker (GDP constant 2015 US $) -- ILO modelled estimates, Nov. 2022","ILO - Modelled Estimates","2020",21705.82
"Malaysia","Output per worker (GDP constant 2015 US $) -- ILO modelled estimates, Nov. 2022","ILO - Modelled Estimates","2019",22937.44
"Malaysia","Output per worker (GDP constant 2015 US $) -- ILO modelled estimates, Nov. 2022","ILO - Modelled Estimates","2018",22509.76
"Malaysia","Output per worker (GDP constant 2015 US $) -- ILO modelled estimates, Nov. 2022","ILO - Modelled Estimates","2017",22021.84
"Malaysia","Output per worker (GDP constant 2015 US $) -- ILO modelled estimates, Nov. 2022","ILO - Modelled Estimates","2016",21268.55
"Malaysia","Output per worker (GDP constant 2015 US $) -- ILO modelled estimates, Nov. 2022","ILO - Modelled Estimates","2015",20671.61
"Malaysia","Output per worker (GDP constant 2015 US $) -- ILO modelled estimates, Nov. 2022","ILO - Modelled Estimates","2014",20107.24
"Malaysia","Output per worker (GDP constant 2015 US $) -- ILO modelled estimates, Nov. 2022","ILO - Modelled Estimates","2013",19535.44
"Malaysia","Output per worker (GDP constant 2015 US $) -- ILO modelled estimates, Nov. 2022","ILO - Modelled Estimates","2012",19540.86
"New Caledonia","Output per worker (GDP constant 2015 US $) -- ILO modelled estimates, Nov. 2022","ILO - Modelled Estimates","2022",80858.86
"New Caledonia","Output per worker (GDP constant 2015 US $) -- ILO modelled estimates, Nov. 2022","ILO - Modelled Estimates","2021",79606.81
"New Caledonia","Output per worker (GDP constant 2015 US $) -- ILO modelled estimates, Nov. 2022","ILO - Modelled Estimates","2020",79596.37
"New Caledonia","Output per worker (GDP constant 2015 US $) -- ILO modelled estimates, Nov. 2022","ILO - Modelled Estimates","2019",77512.29
"New Caledonia","Output per worker (GDP constant 2015 US $) -- ILO modelled estimates, Nov. 2022","ILO - Modelled Estimates","2018",77670.53
"New Caledonia","Output per worker (GDP constant 2015 US $) -- ILO modelled estimates, Nov. 2022","ILO - Modelled Estimates","2017",77086.61
"New Caledonia","Output per worker (GDP constant 2015 US $) -- ILO modelled estimates, Nov. 2022","ILO - Modelled Estimates","2016",75583.79
"New Caledonia","Output per worker (GDP constant 2015 US $) -- ILO modelled estimates, Nov. 2022","ILO - Modelled Estimates","2015",75332.66
"New Caledonia","Output per worker (GDP constant 2015 US $) -- ILO modelled estimates, Nov. 2022","ILO - Modelled Estimates","2014",74832.67
"New Caledonia","Output per worker (GDP constant 2015 US $) -- ILO modelled estimates, Nov. 2022","ILO - Modelled Estimates","2013",74765.88
"New Caledonia","Output per worker (GDP constant 2015 US $) -- ILO modelled estimates, Nov. 2022","ILO - Modelled Estimates","2012",74924.97
"Nepal","Output per worker (GDP constant 2015 US $) -- ILO modelled estimates, Nov. 2022","ILO - Modelled Estimates","2022",4198.42
"Nepal","Output per worker (GDP constant 2015 US $) -- ILO modelled estimates, Nov. 2022","ILO - Modelled Estimates","2021",4218.47
"Nepal","Output per worker (GDP constant 2015 US $) -- ILO modelled estimates, Nov. 2022","ILO - Modelled Estimates","2020",4210.43
"Nepal","Output per worker (GDP constant 2015 US $) -- ILO modelled estimates, Nov. 2022","ILO - Modelled Estimates","2019",4269.91
"Nepal","Output per worker (GDP constant 2015 US $) -- ILO modelled estimates, Nov. 2022","ILO - Modelled Estimates","2018",4100.66
"Nepal","Output per worker (GDP constant 2015 US $) -- ILO modelled estimates, Nov. 2022","ILO - Modelled Estimates","2017",3904.37
"Nepal","Output per worker (GDP constant 2015 US $) -- ILO modelled estimates, Nov. 2022","ILO - Modelled Estimates","2016",3661.02
"Nepal","Output per worker (GDP constant 2015 US $) -- ILO modelled estimates, Nov. 2022","ILO - Modelled Estimates","2015",3730.36
"Nepal","Output per worker (GDP constant 2015 US $) -- ILO modelled estimates, Nov. 2022","ILO - Modelled Estimates","2014",3631.91
"Nepal","Output per worker (GDP constant 2015 US $) -- ILO modelled estimates, Nov. 2022","ILO - Modelled Estimates","2013",3453.57
"Nepal","Output per worker (GDP constant 2015 US $) -- ILO modelled estimates, Nov. 2022","ILO - Modelled Estimates","2012",3362.8
"New Zealand","Output per worker (GDP constant 2015 US $) -- ILO modelled estimates, Nov. 2022","ILO - Modelled Estimates","2022",73910.84
"New Zealand","Output per worker (GDP constant 2015 US $) -- ILO modelled estimates, Nov. 2022","ILO - Modelled Estimates","2021",73729.81
"New Zealand","Output per worker (GDP constant 2015 US $) -- ILO modelled estimates, Nov. 2022","ILO - Modelled Estimates","2020",72117.73
"New Zealand","Output per worker (GDP constant 2015 US $) -- ILO modelled estimates, Nov. 2022","ILO - Modelled Estimates","2019",74674.41
"New Zealand","Output per worker (GDP constant 2015 US $) -- ILO modelled estimates, Nov. 2022","ILO - Modelled Estimates","2018",74929.67
"New Zealand","Output per worker (GDP constant 2015 US $) -- ILO modelled estimates, Nov. 2022","ILO - Modelled Estimates","2017",74363.01
"New Zealand","Output per worker (GDP constant 2015 US $) -- ILO modelled estimates, Nov. 2022","ILO - Modelled Estimates","2016",74426.76
"New Zealand","Output per worker (GDP constant 2015 US $) -- ILO modelled estimates, Nov. 2022","ILO - Modelled Estimates","2015",74554.71
"New Zealand","Output per worker (GDP constant 2015 US $) -- ILO modelled estimates, Nov. 2022","ILO - Modelled Estimates","2014",73370.98
"New Zealand","Output per worker (GDP constant 2015 US $) -- ILO modelled estimates, Nov. 2022","ILO - Modelled Estimates","2013",73180.38
"New Zealand","Output per worker (GDP constant 2015 US $) -- ILO modelled estimates, Nov. 2022","ILO - Modelled Estimates","2012",73110.99
"Pakistan","Output per worker (GDP constant 2015 US $) -- ILO modelled estimates, Nov. 2022","ILO - Modelled Estimates","2022",4876.06
"Pakistan","Output per worker (GDP constant 2015 US $) -- ILO modelled estimates, Nov. 2022","ILO - Modelled Estimates","2021",4715.17
"Pakistan","Output per worker (GDP constant 2015 US $) -- ILO modelled estimates, Nov. 2022","ILO - Modelled Estimates","2020",4721.06
"Pakistan","Output per worker (GDP constant 2015 US $) -- ILO modelled estimates, Nov. 2022","ILO - Modelled Estimates","2019",4739.49
"Pakistan","Output per worker (GDP constant 2015 US $) -- ILO modelled estimates, Nov. 2022","ILO - Modelled Estimates","2018",4739.08
"Pakistan","Output per worker (GDP constant 2015 US $) -- ILO modelled estimates, Nov. 2022","ILO - Modelled Estimates","2017",4514.21
"Pakistan","Output per worker (GDP constant 2015 US $) -- ILO modelled estimates, Nov. 2022","ILO - Modelled Estimates","2016",4357.28
"Pakistan","Output per worker (GDP constant 2015 US $) -- ILO modelled estimates, Nov. 2022","ILO - Modelled Estimates","2015",4151.23
"Pakistan","Output per worker (GDP constant 2015 US $) -- ILO modelled estimates, Nov. 2022","ILO - Modelled Estimates","2014",4031.61
"Pakistan","Output per worker (GDP constant 2015 US $) -- ILO modelled estimates, Nov. 2022","ILO - Modelled Estimates","2013",3924.21
"Pakistan","Output per worker (GDP constant 2015 US $) -- ILO modelled estimates, Nov. 2022","ILO - Modelled Estimates","2012",3807.29
"Philippines","Output per worker (GDP constant 2015 US $) -- ILO modelled estimates, Nov. 2022","ILO - Modelled Estimates","2022",8782.78
"Philippines","Output per worker (GDP constant 2015 US $) -- ILO modelled estimates, Nov. 2022","ILO - Modelled Estimates","2021",8676.41
"Philippines","Output per worker (GDP constant 2015 US $) -- ILO modelled estimates, Nov. 2022","ILO - Modelled Estimates","2020",8670.16
"Philippines","Output per worker (GDP constant 2015 US $) -- ILO modelled estimates, Nov. 2022","ILO - Modelled Estimates","2019",8988.41
"Philippines","Output per worker (GDP constant 2015 US $) -- ILO modelled estimates, Nov. 2022","ILO - Modelled Estimates","2018",8728.83
"Philippines","Output per worker (GDP constant 2015 US $) -- ILO modelled estimates, Nov. 2022","ILO - Modelled Estimates","2017",8384.02
"Philippines","Output per worker (GDP constant 2015 US $) -- ILO modelled estimates, Nov. 2022","ILO - Modelled Estimates","2016",7712.35
"Philippines","Output per worker (GDP constant 2015 US $) -- ILO modelled estimates, Nov. 2022","ILO - Modelled Estimates","2015",7417.55
"Philippines","Output per worker (GDP constant 2015 US $) -- ILO modelled estimates, Nov. 2022","ILO - Modelled Estimates","2014",7086.66
"Philippines","Output per worker (GDP constant 2015 US $) -- ILO modelled estimates, Nov. 2022","ILO - Modelled Estimates","2013",6883.68
"Philippines","Output per worker (GDP constant 2015 US $) -- ILO modelled estimates, Nov. 2022","ILO - Modelled Estimates","2012",6563.29
"Papua New Guinea","Output per worker (GDP constant 2015 US $) -- ILO modelled estimates, Nov. 2022","ILO - Modelled Estimates","2022",8209.48
"Papua New Guinea","Output per worker (GDP constant 2015 US $) -- ILO modelled estimates, Nov. 2022","ILO - Modelled Estimates","2021",8107.88
"Papua New Guinea","Output per worker (GDP constant 2015 US $) -- ILO modelled estimates, Nov. 2022","ILO - Modelled Estimates","2020",8227.24
"Papua New Guinea","Output per worker (GDP constant 2015 US $) -- ILO modelled estimates, Nov. 2022","ILO - Modelled Estimates","2019",8649.12
"Papua New Guinea","Output per worker (GDP constant 2015 US $) -- ILO modelled estimates, Nov. 2022","ILO - Modelled Estimates","2018",8496.12
"Papua New Guinea","Output per worker (GDP constant 2015 US $) -- ILO modelled estimates, Nov. 2022","ILO - Modelled Estimates","2017",8774.97
"Papua New Guinea","Output per worker (GDP constant 2015 US $) -- ILO modelled estimates, Nov. 2022","ILO - Modelled Estimates","2016",8712.01
"Papua New Guinea","Output per worker (GDP constant 2015 US $) -- ILO modelled estimates, Nov. 2022","ILO - Modelled Estimates","2015",8482.87
"Papua New Guinea","Output per worker (GDP constant 2015 US $) -- ILO modelled estimates, Nov. 2022","ILO - Modelled Estimates","2014",8164.47
"Papua New Guinea","Output per worker (GDP constant 2015 US $) -- ILO modelled estimates, Nov. 2022","ILO - Modelled Estimates","2013",7364.66
"Papua New Guinea","Output per worker (GDP constant 2015 US $) -- ILO modelled estimates, Nov. 2022","ILO - Modelled Estimates","2012",7307.56
"Korea, Democratic People's Republic of","Output per worker (GDP constant 2015 US $) -- ILO modelled estimates, Nov. 2022","ILO - Modelled Estimates","2022",1438.13
"Korea, Democratic People's Republic of","Output per worker (GDP constant 2015 US $) -- ILO modelled estimates, Nov. 2022","ILO - Modelled Estimates","2021",1391.34
"Korea, Democratic People's Republic of","Output per worker (GDP constant 2015 US $) -- ILO modelled estimates, Nov. 2022","ILO - Modelled Estimates","2020",1320.89
"Korea, Democratic People's Republic of","Output per worker (GDP constant 2015 US $) -- ILO modelled estimates, Nov. 2022","ILO - Modelled Estimates","2019",1361.17
"Korea, Democratic People's Republic of","Output per worker (GDP constant 2015 US $) -- ILO modelled estimates, Nov. 2022","ILO - Modelled Estimates","2018",1365.39
"Korea, Democratic People's Republic of","Output per worker (GDP constant 2015 US $) -- ILO modelled estimates, Nov. 2022","ILO - Modelled Estimates","2017",1439.76
"Korea, Democratic People's Republic of","Output per worker (GDP constant 2015 US $) -- ILO modelled estimates, Nov. 2022","ILO - Modelled Estimates","2016",1508.3
"Korea, Democratic People's Republic of","Output per worker (GDP constant 2015 US $) -- ILO modelled estimates, Nov. 2022","ILO - Modelled Estimates","2015",1460.47
"Korea, Democratic People's Republic of","Output per worker (GDP constant 2015 US $) -- ILO modelled estimates, Nov. 2022","ILO - Modelled Estimates","2014",1491.04
"Korea, Democratic People's Republic of","Output per worker (GDP constant 2015 US $) -- ILO modelled estimates, Nov. 2022","ILO - Modelled Estimates","2013",1488.73
"Korea, Democratic People's Republic of","Output per worker (GDP constant 2015 US $) -- ILO modelled estimates, Nov. 2022","ILO - Modelled Estimates","2012",1485.63
"French Polynesia","Output per worker (GDP constant 2015 US $) -- ILO modelled estimates, Nov. 2022","ILO - Modelled Estimates","2022",47046.37
"French Polynesia","Output per worker (GDP constant 2015 US $) -- ILO modelled estimates, Nov. 2022","ILO - Modelled Estimates","2021",47787.22
"French Polynesia","Output per worker (GDP constant 2015 US $) -- ILO modelled estimates, Nov. 2022","ILO - Modelled Estimates","2020",48585.86
"French Polynesia","Output per worker (GDP constant 2015 US $) -- ILO modelled estimates, Nov. 2022","ILO - Modelled Estimates","2019",51802.67
"French Polynesia","Output per worker (GDP constant 2015 US $) -- ILO modelled estimates, Nov. 2022","ILO - Modelled Estimates","2018",50846.75
"French Polynesia","Output per worker (GDP constant 2015 US $) -- ILO modelled estimates, Nov. 2022","ILO - Modelled Estimates","2017",50530.01
"French Polynesia","Output per worker (GDP constant 2015 US $) -- ILO modelled estimates, Nov. 2022","ILO - Modelled Estimates","2016",49087.36
"French Polynesia","Output per worker (GDP constant 2015 US $) -- ILO modelled estimates, Nov. 2022","ILO - Modelled Estimates","2015",48522.71
"French Polynesia","Output per worker (GDP constant 2015 US $) -- ILO modelled estimates, Nov. 2022","ILO - Modelled Estimates","2014",48238.27
"French Polynesia","Output per worker (GDP constant 2015 US $) -- ILO modelled estimates, Nov. 2022","ILO - Modelled Estimates","2013",48433.91
"French Polynesia","Output per worker (GDP constant 2015 US $) -- ILO modelled estimates, Nov. 2022","ILO - Modelled Estimates","2012",48691.62
"Singapore","Output per worker (GDP constant 2015 US $) -- ILO modelled estimates, Nov. 2022","ILO - Modelled Estimates","2022",103261.04
"Singapore","Output per worker (GDP constant 2015 US $) -- ILO modelled estimates, Nov. 2022","ILO - Modelled Estimates","2021",100475.26
"Singapore","Output per worker (GDP constant 2015 US $) -- ILO modelled estimates, Nov. 2022","ILO - Modelled Estimates","2020",95803.11
"Singapore","Output per worker (GDP constant 2015 US $) -- ILO modelled estimates, Nov. 2022","ILO - Modelled Estimates","2019",99513.47
"Singapore","Output per worker (GDP constant 2015 US $) -- ILO modelled estimates, Nov. 2022","ILO - Modelled Estimates","2018",100328.58
"Singapore","Output per worker (GDP constant 2015 US $) -- ILO modelled estimates, Nov. 2022","ILO - Modelled Estimates","2017",97656.55
"Singapore","Output per worker (GDP constant 2015 US $) -- ILO modelled estimates, Nov. 2022","ILO - Modelled Estimates","2016",93803.65
"Singapore","Output per worker (GDP constant 2015 US $) -- ILO modelled estimates, Nov. 2022","ILO - Modelled Estimates","2015",91234.15
"Singapore","Output per worker (GDP constant 2015 US $) -- ILO modelled estimates, Nov. 2022","ILO - Modelled Estimates","2014",91371.31
"Singapore","Output per worker (GDP constant 2015 US $) -- ILO modelled estimates, Nov. 2022","ILO - Modelled Estimates","2013",90929.32
"Singapore","Output per worker (GDP constant 2015 US $) -- ILO modelled estimates, Nov. 2022","ILO - Modelled Estimates","2012",88388.63
"Solomon Islands","Output per worker (GDP constant 2015 US $) -- ILO modelled estimates, Nov. 2022","ILO - Modelled Estimates","2022",3889.11
"Solomon Islands","Output per worker (GDP constant 2015 US $) -- ILO modelled estimates, Nov. 2022","ILO - Modelled Estimates","2021",4146.19
"Solomon Islands","Output per worker (GDP constant 2015 US $) -- ILO modelled estimates, Nov. 2022","ILO - Modelled Estimates","2020",4301.53
"Solomon Islands","Output per worker (GDP constant 2015 US $) -- ILO modelled estimates, Nov. 2022","ILO - Modelled Estimates","2019",4526.35
"Solomon Islands","Output per worker (GDP constant 2015 US $) -- ILO modelled estimates, Nov. 2022","ILO - Modelled Estimates","2018",4597.93
"Solomon Islands","Output per worker (GDP constant 2015 US $) -- ILO modelled estimates, Nov. 2022","ILO - Modelled Estimates","2017",4542.1
"Solomon Islands","Output per worker (GDP constant 2015 US $) -- ILO modelled estimates, Nov. 2022","ILO - Modelled Estimates","2016",4424.99
"Solomon Islands","Output per worker (GDP constant 2015 US $) -- ILO modelled estimates, Nov. 2022","ILO - Modelled Estimates","2015",4291.22
"Solomon Islands","Output per worker (GDP constant 2015 US $) -- ILO modelled estimates, Nov. 2022","ILO - Modelled Estimates","2014",4353.64
"Solomon Islands","Output per worker (GDP constant 2015 US $) -- ILO modelled estimates, Nov. 2022","ILO - Modelled Estimates","2013",4431.9
"Solomon Islands","Output per worker (GDP constant 2015 US $) -- ILO modelled estimates, Nov. 2022","ILO - Modelled Estimates","2012",4335.51
"Thailand","Output per worker (GDP constant 2015 US $) -- ILO modelled estimates, Nov. 2022","ILO - Modelled Estimates","2022",11304.23
"Thailand","Output per worker (GDP constant 2015 US $) -- ILO modelled estimates, Nov. 2022","ILO - Modelled Estimates","2021",10980.56
"Thailand","Output per worker (GDP constant 2015 US $) -- ILO modelled estimates, Nov. 2022","ILO - Modelled Estimates","2020",10860.4
"Thailand","Output per worker (GDP constant 2015 US $) -- ILO modelled estimates, Nov. 2022","ILO - Modelled Estimates","2019",11606.79
"Thailand","Output per worker (GDP constant 2015 US $) -- ILO modelled estimates, Nov. 2022","ILO - Modelled Estimates","2018",11289.75
"Thailand","Output per worker (GDP constant 2015 US $) -- ILO modelled estimates, Nov. 2022","ILO - Modelled Estimates","2017",10956.11
"Thailand","Output per worker (GDP constant 2015 US $) -- ILO modelled estimates, Nov. 2022","ILO - Modelled Estimates","2016",10464.17
"Thailand","Output per worker (GDP constant 2015 US $) -- ILO modelled estimates, Nov. 2022","ILO - Modelled Estimates","2015",10042.32
"Thailand","Output per worker (GDP constant 2015 US $) -- ILO modelled estimates, Nov. 2022","ILO - Modelled Estimates","2014",9733.38
"Thailand","Output per worker (GDP constant 2015 US $) -- ILO modelled estimates, Nov. 2022","ILO - Modelled Estimates","2013",9636.37
"Thailand","Output per worker (GDP constant 2015 US $) -- ILO modelled estimates, Nov. 2022","ILO - Modelled Estimates","2012",9160.87
"Timor-Leste","Output per worker (GDP constant 2015 US $) -- ILO modelled estimates, Nov. 2022","ILO - Modelled Estimates","2022",3260.51
"Timor-Leste","Output per worker (GDP constant 2015 US $) -- ILO modelled estimates, Nov. 2022","ILO - Modelled Estimates","2021",3268.1
"Timor-Leste","Output per worker (GDP constant 2015 US $) -- ILO modelled estimates, Nov. 2022","ILO - Modelled Estimates","2020",3306.58
"Timor-Leste","Output per worker (GDP constant 2015 US $) -- ILO modelled estimates, Nov. 2022","ILO - Modelled Estimates","2019",3661.72
"Timor-Leste","Output per worker (GDP constant 2015 US $) -- ILO modelled estimates, Nov. 2022","ILO - Modelled Estimates","2018",3116.65
"Timor-Leste","Output per worker (GDP constant 2015 US $) -- ILO modelled estimates, Nov. 2022","ILO - Modelled Estimates","2017",3225.25
"Timor-Leste","Output per worker (GDP constant 2015 US $) -- ILO modelled estimates, Nov. 2022","ILO - Modelled Estimates","2016",3422.33
"Timor-Leste","Output per worker (GDP constant 2015 US $) -- ILO modelled estimates, Nov. 2022","ILO - Modelled Estimates","2015",3381.89
"Timor-Leste","Output per worker (GDP constant 2015 US $) -- ILO modelled estimates, Nov. 2022","ILO - Modelled Estimates","2014",3371.67
"Timor-Leste","Output per worker (GDP constant 2015 US $) -- ILO modelled estimates, Nov. 2022","ILO - Modelled Estimates","2013",3312.15
"Timor-Leste","Output per worker (GDP constant 2015 US $) -- ILO modelled estimates, Nov. 2022","ILO - Modelled Estimates","2012",3299.34
"Tonga","Output per worker (GDP constant 2015 US $) -- ILO modelled estimates, Nov. 2022","ILO - Modelled Estimates","2022",12832.19
"Tonga","Output per worker (GDP constant 2015 US $) -- ILO modelled estimates, Nov. 2022","ILO - Modelled Estimates","2021",13211.53
"Tonga","Output per worker (GDP constant 2015 US $) -- ILO modelled estimates, Nov. 2022","ILO - Modelled Estimates","2020",13784.41
"Tonga","Output per worker (GDP constant 2015 US $) -- ILO modelled estimates, Nov. 2022","ILO - Modelled Estimates","2019",13655.88
"Tonga","Output per worker (GDP constant 2015 US $) -- ILO modelled estimates, Nov. 2022","ILO - Modelled Estimates","2018",13616.55
"Tonga","Output per worker (GDP constant 2015 US $) -- ILO modelled estimates, Nov. 2022","ILO - Modelled Estimates","2017",13530.24
"Tonga","Output per worker (GDP constant 2015 US $) -- ILO modelled estimates, Nov. 2022","ILO - Modelled Estimates","2016",13036.15
"Tonga","Output per worker (GDP constant 2015 US $) -- ILO modelled estimates, Nov. 2022","ILO - Modelled Estimates","2015",12185.21
"Tonga","Output per worker (GDP constant 2015 US $) -- ILO modelled estimates, Nov. 2022","ILO - Modelled Estimates","2014",11956.97
"Tonga","Output per worker (GDP constant 2015 US $) -- ILO modelled estimates, Nov. 2022","ILO - Modelled Estimates","2013",11637.42
"Tonga","Output per worker (GDP constant 2015 US $) -- ILO modelled estimates, Nov. 2022","ILO - Modelled Estimates","2012",11524.43
"Taiwan, China","Output per worker (GDP constant 2015 US $) -- ILO modelled estimates, Nov. 2022","ILO - Modelled Estimates","2022",76358.22
"Taiwan, China","Output per worker (GDP constant 2015 US $) -- ILO modelled estimates, Nov. 2022","ILO - Modelled Estimates","2021",73805.98
"Taiwan, China","Output per worker (GDP constant 2015 US $) -- ILO modelled estimates, Nov. 2022","ILO - Modelled Estimates","2020",69688.23
"Taiwan, China","Output per worker (GDP constant 2015 US $) -- ILO modelled estimates, Nov. 2022","ILO - Modelled Estimates","2019",67534.97
"Taiwan, China","Output per worker (GDP constant 2015 US $) -- ILO modelled estimates, Nov. 2022","ILO - Modelled Estimates","2018",65965.42
"Taiwan, China","Output per worker (GDP constant 2015 US $) -- ILO modelled estimates, Nov. 2022","ILO - Modelled Estimates","2017",64726.86
"Taiwan, China","Output per worker (GDP constant 2015 US $) -- ILO modelled estimates, Nov. 2022","ILO - Modelled Estimates","2016",63223.84
"Taiwan, China","Output per worker (GDP constant 2015 US $) -- ILO modelled estimates, Nov. 2022","ILO - Modelled Estimates","2015",62322.14
"Taiwan, China","Output per worker (GDP constant 2015 US $) -- ILO modelled estimates, Nov. 2022","ILO - Modelled Estimates","2014",62130.7
"Taiwan, China","Output per worker (GDP constant 2015 US $) -- ILO modelled estimates, Nov. 2022","ILO - Modelled Estimates","2013",60101.81
"Taiwan, China","Output per worker (GDP constant 2015 US $) -- ILO modelled estimates, Nov. 2022","ILO - Modelled Estimates","2012",59302.1
"Viet Nam","Output per worker (GDP constant 2015 US $) -- ILO modelled estimates, Nov. 2022","ILO - Modelled Estimates","2022",6456.25
"Viet Nam","Output per worker (GDP constant 2015 US $) -- ILO modelled estimates, Nov. 2022","ILO - Modelled Estimates","2021",6162.91
"Viet Nam","Output per worker (GDP constant 2015 US $) -- ILO modelled estimates, Nov. 2022","ILO - Modelled Estimates","2020",6021.92
"Viet Nam","Output per worker (GDP constant 2015 US $) -- ILO modelled estimates, Nov. 2022","ILO - Modelled Estimates","2019",5707.35
"Viet Nam","Output per worker (GDP constant 2015 US $) -- ILO modelled estimates, Nov. 2022","ILO - Modelled Estimates","2018",5359.07
"Viet Nam","Output per worker (GDP constant 2015 US $) -- ILO modelled estimates, Nov. 2022","ILO - Modelled Estimates","2017",5057.92
"Viet Nam","Output per worker (GDP constant 2015 US $) -- ILO modelled estimates, Nov. 2022","ILO - Modelled Estimates","2016",4756.48
"Viet Nam","Output per worker (GDP constant 2015 US $) -- ILO modelled estimates, Nov. 2022","ILO - Modelled Estimates","2015",4472.47
"Viet Nam","Output per worker (GDP constant 2015 US $) -- ILO modelled estimates, Nov. 2022","ILO - Modelled Estimates","2014",4212.65
"Viet Nam","Output per worker (GDP constant 2015 US $) -- ILO modelled estimates, Nov. 2022","ILO - Modelled Estimates","2013",4009.48
"Viet Nam","Output per worker (GDP constant 2015 US $) -- ILO modelled estimates, Nov. 2022","ILO - Modelled Estimates","2012",3877.34
"Vanuatu","Output per worker (GDP constant 2015 US $) -- ILO modelled estimates, Nov. 2022","ILO - Modelled Estimates","2022",6232.08
"Vanuatu","Output per worker (GDP constant 2015 US $) -- ILO modelled estimates, Nov. 2022","ILO - Modelled Estimates","2021",6319.8
"Vanuatu","Output per worker (GDP constant 2015 US $) -- ILO modelled estimates, Nov. 2022","ILO - Modelled Estimates","2020",6482.38
"Vanuatu","Output per worker (GDP constant 2015 US $) -- ILO modelled estimates, Nov. 2022","ILO - Modelled Estimates","2019",6939.47
"Vanuatu","Output per worker (GDP constant 2015 US $) -- ILO modelled estimates, Nov. 2022","ILO - Modelled Estimates","2018",6882.18
"Vanuatu","Output per worker (GDP constant 2015 US $) -- ILO modelled estimates, Nov. 2022","ILO - Modelled Estimates","2017",6840.25
"Vanuatu","Output per worker (GDP constant 2015 US $) -- ILO modelled estimates, Nov. 2022","ILO - Modelled Estimates","2016",6572.5
"Vanuatu","Output per worker (GDP constant 2015 US $) -- ILO modelled estimates, Nov. 2022","ILO - Modelled Estimates","2015",6417.23
"Vanuatu","Output per worker (GDP constant 2015 US $) -- ILO modelled estimates, Nov. 2022","ILO - Modelled Estimates","2014",6534.57
"Vanuatu","Output per worker (GDP constant 2015 US $) -- ILO modelled estimates, Nov. 2022","ILO - Modelled Estimates","2013",6473.69
"Vanuatu","Output per worker (GDP constant 2015 US $) -- ILO modelled estimates, Nov. 2022","ILO - Modelled Estimates","2012",6591.27
"Samoa","Output per worker (GDP constant 2015 US $) -- ILO modelled estimates, Nov. 2022","ILO - Modelled Estimates","2022",11336.87
"Samoa","Output per worker (GDP constant 2015 US $) -- ILO modelled estimates, Nov. 2022","ILO - Modelled Estimates","2021",12118.81
"Samoa","Output per worker (GDP constant 2015 US $) -- ILO modelled estimates, Nov. 2022","ILO - Modelled Estimates","2020",13366.91
"Samoa","Output per worker (GDP constant 2015 US $) -- ILO modelled estimates, Nov. 2022","ILO - Modelled Estimates","2019",13794.87
"Samoa","Output per worker (GDP constant 2015 US $) -- ILO modelled estimates, Nov. 2022","ILO - Modelled Estimates","2018",13395.58
"Samoa","Output per worker (GDP constant 2015 US $) -- ILO modelled estimates, Nov. 2022","ILO - Modelled Estimates","2017",13727
"Samoa","Output per worker (GDP constant 2015 US $) -- ILO modelled estimates, Nov. 2022","ILO - Modelled Estimates","2016",13643.54
"Samoa","Output per worker (GDP constant 2015 US $) -- ILO modelled estimates, Nov. 2022","ILO - Modelled Estimates","2015",12681.34
"Samoa","Output per worker (GDP constant 2015 US $) -- ILO modelled estimates, Nov. 2022","ILO - Modelled Estimates","2014",12246.86
"Samoa","Output per worker (GDP constant 2015 US $) -- ILO modelled estimates, Nov. 2022","ILO - Modelled Estimates","2013",12371.19
"Samoa","Output per worker (GDP constant 2015 US $) -- ILO modelled estimates, Nov. 2022","ILO - Modelled Estimates","2012",12587.64
"World","Output per worker (GDP constant 2015 US $) -- ILO modelled estimates, Nov. 2022","ILO - Modelled Estimates","2022",26530.97
"World","Output per worker (GDP constant 2015 US $) -- ILO modelled estimates, Nov. 2022","ILO - Modelled Estimates","2021",26388.77
"World","Output per worker (GDP constant 2015 US $) -- ILO modelled estimates, Nov. 2022","ILO - Modelled Estimates","2020",25773.89
"World","Output per worker (GDP constant 2015 US $) -- ILO modelled estimates, Nov. 2022","ILO - Modelled Estimates","2019",25863.3
"World","Output per worker (GDP constant 2015 US $) -- ILO modelled estimates, Nov. 2022","ILO - Modelled Estimates","2018",25707.72
"World","Output per worker (GDP constant 2015 US $) -- ILO modelled estimates, Nov. 2022","ILO - Modelled Estimates","2017",25179
"World","Output per worker (GDP constant 2015 US $) -- ILO modelled estimates, Nov. 2022","ILO - Modelled Estimates","2016",24621.53
"World","Output per worker (GDP constant 2015 US $) -- ILO modelled estimates, Nov. 2022","ILO - Modelled Estimates","2015",24198.23
"World","Output per worker (GDP constant 2015 US $) -- ILO modelled estimates, Nov. 2022","ILO - Modelled Estimates","2014",23716.12
"World","Output per worker (GDP constant 2015 US $) -- ILO modelled estimates, Nov. 2022","ILO - Modelled Estimates","2013",23254.99
"World","Output per worker (GDP constant 2015 US $) -- ILO modelled estimates, Nov. 2022","ILO - Modelled Estimates","2012",22799
"Asia and the Pacific","Output per worker (GDP constant 2015 US $) -- ILO modelled estimates, Nov. 2022","ILO - Modelled Estimates","2022",17341.55
"Asia and the Pacific","Output per worker (GDP constant 2015 US $) -- ILO modelled estimates, Nov. 2022","ILO - Modelled Estimates","2021",17031.66
"Asia and the Pacific","Output per worker (GDP constant 2015 US $) -- ILO modelled estimates, Nov. 2022","ILO - Modelled Estimates","2020",16601.44
"Asia and the Pacific","Output per worker (GDP constant 2015 US $) -- ILO modelled estimates, Nov. 2022","ILO - Modelled Estimates","2019",16219.68
"Asia and the Pacific","Output per worker (GDP constant 2015 US $) -- ILO modelled estimates, Nov. 2022","ILO - Modelled Estimates","2018",15939.67
"Asia and the Pacific","Output per worker (GDP constant 2015 US $) -- ILO modelled estimates, Nov. 2022","ILO - Modelled Estimates","2017",15288.24
"Asia and the Pacific","Output per worker (GDP constant 2015 US $) -- ILO modelled estimates, Nov. 2022","ILO - Modelled Estimates","2016",14613.89
"Asia and the Pacific","Output per worker (GDP constant 2015 US $) -- ILO modelled estimates, Nov. 2022","ILO - Modelled Estimates","2015",13971.11
"Asia and the Pacific","Output per worker (GDP constant 2015 US $) -- ILO modelled estimates, Nov. 2022","ILO - Modelled Estimates","2014",13387.38
"Asia and the Pacific","Output per worker (GDP constant 2015 US $) -- ILO modelled estimates, Nov. 2022","ILO - Modelled Estimates","2013",12829.52
"Asia and the Pacific","Output per worker (GDP constant 2015 US $) -- ILO modelled estimates, Nov. 2022","ILO - Modelled Estimates","2012",12253.84
"Asia and the Pacific: Low income","Output per worker (GDP constant 2015 US $) -- ILO modelled estimates, Nov. 2022","ILO - Modelled Estimates","2022",1943.38
"Asia and the Pacific: Low income","Output per worker (GDP constant 2015 US $) -- ILO modelled estimates, Nov. 2022","ILO - Modelled Estimates","2021",1883.6
"Asia and the Pacific: Low income","Output per worker (GDP constant 2015 US $) -- ILO modelled estimates, Nov. 2022","ILO - Modelled Estimates","2020",1756.66
"Asia and the Pacific: Low income","Output per worker (GDP constant 2015 US $) -- ILO modelled estimates, Nov. 2022","ILO - Modelled Estimates","2019",1736.49
"Asia and the Pacific: Low income","Output per worker (GDP constant 2015 US $) -- ILO modelled estimates, Nov. 2022","ILO - Modelled Estimates","2018",1731.96
"Asia and the Pacific: Low income","Output per worker (GDP constant 2015 US $) -- ILO modelled estimates, Nov. 2022","ILO - Modelled Estimates","2017",1796.43
"Asia and the Pacific: Low income","Output per worker (GDP constant 2015 US $) -- ILO modelled estimates, Nov. 2022","ILO - Modelled Estimates","2016",1836.8
"Asia and the Pacific: Low income","Output per worker (GDP constant 2015 US $) -- ILO modelled estimates, Nov. 2022","ILO - Modelled Estimates","2015",1800.71
"Asia and the Pacific: Low income","Output per worker (GDP constant 2015 US $) -- ILO modelled estimates, Nov. 2022","ILO - Modelled Estimates","2014",1828.81
"Asia and the Pacific: Low income","Output per worker (GDP constant 2015 US $) -- ILO modelled estimates, Nov. 2022","ILO - Modelled Estimates","2013",1837.92
"Asia and the Pacific: Low income","Output per worker (GDP constant 2015 US $) -- ILO modelled estimates, Nov. 2022","ILO - Modelled Estimates","2012",1821.24
"Asia and the Pacific: Lower-middle income","Output per worker (GDP constant 2015 US $) -- ILO modelled estimates, Nov. 2022","ILO - Modelled Estimates","2022",6581.8
"Asia and the Pacific: Lower-middle income","Output per worker (GDP constant 2015 US $) -- ILO modelled estimates, Nov. 2022","ILO - Modelled Estimates","2021",6412.21
"Asia and the Pacific: Lower-middle income","Output per worker (GDP constant 2015 US $) -- ILO modelled estimates, Nov. 2022","ILO - Modelled Estimates","2020",6256.48
"Asia and the Pacific: Lower-middle income","Output per worker (GDP constant 2015 US $) -- ILO modelled estimates, Nov. 2022","ILO - Modelled Estimates","2019",6289.35
"Asia and the Pacific: Lower-middle income","Output per worker (GDP constant 2015 US $) -- ILO modelled estimates, Nov. 2022","ILO - Modelled Estimates","2018",6315.2
"Asia and the Pacific: Lower-middle income","Output per worker (GDP constant 2015 US $) -- ILO modelled estimates, Nov. 2022","ILO - Modelled Estimates","2017",6037.7
"Asia and the Pacific: Lower-middle income","Output per worker (GDP constant 2015 US $) -- ILO modelled estimates, Nov. 2022","ILO - Modelled Estimates","2016",5756.52
"Asia and the Pacific: Lower-middle income","Output per worker (GDP constant 2015 US $) -- ILO modelled estimates, Nov. 2022","ILO - Modelled Estimates","2015",5402.35
"Asia and the Pacific: Lower-middle income","Output per worker (GDP constant 2015 US $) -- ILO modelled estimates, Nov. 2022","ILO - Modelled Estimates","2014",5136.75
"Asia and the Pacific: Lower-middle income","Output per worker (GDP constant 2015 US $) -- ILO modelled estimates, Nov. 2022","ILO - Modelled Estimates","2013",4871.09
"Asia and the Pacific: Lower-middle income","Output per worker (GDP constant 2015 US $) -- ILO modelled estimates, Nov. 2022","ILO - Modelled Estimates","2012",4665.21
"Asia and the Pacific: Upper-middle income","Output per worker (GDP constant 2015 US $) -- ILO modelled estimates, Nov. 2022","ILO - Modelled Estimates","2022",21211.7
"Asia and the Pacific: Upper-middle income","Output per worker (GDP constant 2015 US $) -- ILO modelled estimates, Nov. 2022","ILO - Modelled Estimates","2021",20526.06
"Asia and the Pacific: Upper-middle income","Output per worker (GDP constant 2015 US $) -- ILO modelled estimates, Nov. 2022","ILO - Modelled Estimates","2020",19819.24
"Asia and the Pacific: Upper-middle income","Output per worker (GDP constant 2015 US $) -- ILO modelled estimates, Nov. 2022","ILO - Modelled Estimates","2019",18831.34
"Asia and the Pacific: Upper-middle income","Output per worker (GDP constant 2015 US $) -- ILO modelled estimates, Nov. 2022","ILO - Modelled Estimates","2018",17737.19
"Asia and the Pacific: Upper-middle income","Output per worker (GDP constant 2015 US $) -- ILO modelled estimates, Nov. 2022","ILO - Modelled Estimates","2017",16633.7
"Asia and the Pacific: Upper-middle income","Output per worker (GDP constant 2015 US $) -- ILO modelled estimates, Nov. 2022","ILO - Modelled Estimates","2016",15551.49
"Asia and the Pacific: Upper-middle income","Output per worker (GDP constant 2015 US $) -- ILO modelled estimates, Nov. 2022","ILO - Modelled Estimates","2015",14589.26
"Asia and the Pacific: Upper-middle income","Output per worker (GDP constant 2015 US $) -- ILO modelled estimates, Nov. 2022","ILO - Modelled Estimates","2014",13671.24
"Asia and the Pacific: Upper-middle income","Output per worker (GDP constant 2015 US $) -- ILO modelled estimates, Nov. 2022","ILO - Modelled Estimates","2013",12781.11
"Asia and the Pacific: Upper-middle income","Output per worker (GDP constant 2015 US $) -- ILO modelled estimates, Nov. 2022","ILO - Modelled Estimates","2012",11888.68
"Asia and the Pacific: High income","Output per worker (GDP constant 2015 US $) -- ILO modelled estimates, Nov. 2022","ILO - Modelled Estimates","2022",73739.71
"Asia and the Pacific: High income","Output per worker (GDP constant 2015 US $) -- ILO modelled estimates, Nov. 2022","ILO - Modelled Estimates","2021",72872.6
"Asia and the Pacific: High income","Output per worker (GDP constant 2015 US $) -- ILO modelled estimates, Nov. 2022","ILO - Modelled Estimates","2020",70888.32
"Asia and the Pacific: High income","Output per worker (GDP constant 2015 US $) -- ILO modelled estimates, Nov. 2022","ILO - Modelled Estimates","2019",72569.89
"Asia and the Pacific: High income","Output per worker (GDP constant 2015 US $) -- ILO modelled estimates, Nov. 2022","ILO - Modelled Estimates","2018",72677.25
"Asia and the Pacific: High income","Output per worker (GDP constant 2015 US $) -- ILO modelled estimates, Nov. 2022","ILO - Modelled Estimates","2017",72458.27
"Asia and the Pacific: High income","Output per worker (GDP constant 2015 US $) -- ILO modelled estimates, Nov. 2022","ILO - Modelled Estimates","2016",71574.82
"Asia and the Pacific: High income","Output per worker (GDP constant 2015 US $) -- ILO modelled estimates, Nov. 2022","ILO - Modelled Estimates","2015",71124.21
"Asia and the Pacific: High income","Output per worker (GDP constant 2015 US $) -- ILO modelled estimates, Nov. 2022","ILO - Modelled Estimates","2014",70461.7
"Asia and the Pacific: High income","Output per worker (GDP constant 2015 US $) -- ILO modelled estimates, Nov. 2022","ILO - Modelled Estimates","2013",70214.7
"Asia and the Pacific: High income","Output per worker (GDP constant 2015 US $) -- ILO modelled estimates, Nov. 2022","ILO - Modelled Estimates","2012",69277.03
"Eastern Asia","Output per worker (GDP constant 2015 US $) -- ILO modelled estimates, Nov. 2022","ILO - Modelled Estimates","2022",27140.77
"Eastern Asia","Output per worker (GDP constant 2015 US $) -- ILO modelled estimates, Nov. 2022","ILO - Modelled Estimates","2021",26399.18
"Eastern Asia","Output per worker (GDP constant 2015 US $) -- ILO modelled estimates, Nov. 2022","ILO - Modelled Estimates","2020",25730.79
"Eastern Asia","Output per worker (GDP constant 2015 US $) -- ILO modelled estimates, Nov. 2022","ILO - Modelled Estimates","2019",24830.11
"Eastern Asia","Output per worker (GDP constant 2015 US $) -- ILO modelled estimates, Nov. 2022","ILO - Modelled Estimates","2018",23810.74
"Eastern Asia","Output per worker (GDP constant 2015 US $) -- ILO modelled estimates, Nov. 2022","ILO - Modelled Estimates","2017",22734.67
"Eastern Asia","Output per worker (GDP constant 2015 US $) -- ILO modelled estimates, Nov. 2022","ILO - Modelled Estimates","2016",21614.83
"Eastern Asia","Output per worker (GDP constant 2015 US $) -- ILO modelled estimates, Nov. 2022","ILO - Modelled Estimates","2015",20676.35
"Eastern Asia","Output per worker (GDP constant 2015 US $) -- ILO modelled estimates, Nov. 2022","ILO - Modelled Estimates","2014",19748.85
"Eastern Asia","Output per worker (GDP constant 2015 US $) -- ILO modelled estimates, Nov. 2022","ILO - Modelled Estimates","2013",18872.99
"Eastern Asia","Output per worker (GDP constant 2015 US $) -- ILO modelled estimates, Nov. 2022","ILO - Modelled Estimates","2012",17921.67
"Eastern Asia: High income","Output per worker (GDP constant 2015 US $) -- ILO modelled estimates, Nov. 2022","ILO - Modelled Estimates","2022",67606.21
"Eastern Asia: High income","Output per worker (GDP constant 2015 US $) -- ILO modelled estimates, Nov. 2022","ILO - Modelled Estimates","2021",66830.95
"Eastern Asia: High income","Output per worker (GDP constant 2015 US $) -- ILO modelled estimates, Nov. 2022","ILO - Modelled Estimates","2020",65007.82
"Eastern Asia: High income","Output per worker (GDP constant 2015 US $) -- ILO modelled estimates, Nov. 2022","ILO - Modelled Estimates","2019",66676.35
"Eastern Asia: High income","Output per worker (GDP constant 2015 US $) -- ILO modelled estimates, Nov. 2022","ILO - Modelled Estimates","2018",66835.21
"Eastern Asia: High income","Output per worker (GDP constant 2015 US $) -- ILO modelled estimates, Nov. 2022","ILO - Modelled Estimates","2017",66753.56
"Eastern Asia: High income","Output per worker (GDP constant 2015 US $) -- ILO modelled estimates, Nov. 2022","ILO - Modelled Estimates","2016",65905.61
"Eastern Asia: High income","Output per worker (GDP constant 2015 US $) -- ILO modelled estimates, Nov. 2022","ILO - Modelled Estimates","2015",65616.21
"Eastern Asia: High income","Output per worker (GDP constant 2015 US $) -- ILO modelled estimates, Nov. 2022","ILO - Modelled Estimates","2014",64966.06
"Eastern Asia: High income","Output per worker (GDP constant 2015 US $) -- ILO modelled estimates, Nov. 2022","ILO - Modelled Estimates","2013",64901.22
"Eastern Asia: High income","Output per worker (GDP constant 2015 US $) -- ILO modelled estimates, Nov. 2022","ILO - Modelled Estimates","2012",64082.98
"South-Eastern Asia and the Pacific","Output per worker (GDP constant 2015 US $) -- ILO modelled estimates, Nov. 2022","ILO - Modelled Estimates","2022",14435.41
"South-Eastern Asia and the Pacific","Output per worker (GDP constant 2015 US $) -- ILO modelled estimates, Nov. 2022","ILO - Modelled Estimates","2021",14148.02
"South-Eastern Asia and the Pacific","Output per worker (GDP constant 2015 US $) -- ILO modelled estimates, Nov. 2022","ILO - Modelled Estimates","2020",13744.42
"South-Eastern Asia and the Pacific","Output per worker (GDP constant 2015 US $) -- ILO modelled estimates, Nov. 2022","ILO - Modelled Estimates","2019",13974.03
"South-Eastern Asia and the Pacific","Output per worker (GDP constant 2015 US $) -- ILO modelled estimates, Nov. 2022","ILO - Modelled Estimates","2018",13727.76
"South-Eastern Asia and the Pacific","Output per worker (GDP constant 2015 US $) -- ILO modelled estimates, Nov. 2022","ILO - Modelled Estimates","2017",13412.95
"South-Eastern Asia and the Pacific","Output per worker (GDP constant 2015 US $) -- ILO modelled estimates, Nov. 2022","ILO - Modelled Estimates","2016",12987.44
"South-Eastern Asia and the Pacific","Output per worker (GDP constant 2015 US $) -- ILO modelled estimates, Nov. 2022","ILO - Modelled Estimates","2015",12582.73
"South-Eastern Asia and the Pacific","Output per worker (GDP constant 2015 US $) -- ILO modelled estimates, Nov. 2022","ILO - Modelled Estimates","2014",12246.26
"South-Eastern Asia and the Pacific","Output per worker (GDP constant 2015 US $) -- ILO modelled estimates, Nov. 2022","ILO - Modelled Estimates","2013",11967.58
"South-Eastern Asia and the Pacific","Output per worker (GDP constant 2015 US $) -- ILO modelled estimates, Nov. 2022","ILO - Modelled Estimates","2012",11607.07
"South-Eastern Asia and the Pacific: Lower-middle income","Output per worker (GDP constant 2015 US $) -- ILO modelled estimates, Nov. 2022","ILO - Modelled Estimates","2022",7418.8
"South-Eastern Asia and the Pacific: Lower-middle income","Output per worker (GDP constant 2015 US $) -- ILO modelled estimates, Nov. 2022","ILO - Modelled Estimates","2021",7207.96
"South-Eastern Asia and the Pacific: Lower-middle income","Output per worker (GDP constant 2015 US $) -- ILO modelled estimates, Nov. 2022","ILO - Modelled Estimates","2020",7054.03
"South-Eastern Asia and the Pacific: Lower-middle income","Output per worker (GDP constant 2015 US $) -- ILO modelled estimates, Nov. 2022","ILO - Modelled Estimates","2019",7104.51
"South-Eastern Asia and the Pacific: Lower-middle income","Output per worker (GDP constant 2015 US $) -- ILO modelled estimates, Nov. 2022","ILO - Modelled Estimates","2018",6861.52
"South-Eastern Asia and the Pacific: Lower-middle income","Output per worker (GDP constant 2015 US $) -- ILO modelled estimates, Nov. 2022","ILO - Modelled Estimates","2017",6616.94
"South-Eastern Asia and the Pacific: Lower-middle income","Output per worker (GDP constant 2015 US $) -- ILO modelled estimates, Nov. 2022","ILO - Modelled Estimates","2016",6321.69
"South-Eastern Asia and the Pacific: Lower-middle income","Output per worker (GDP constant 2015 US $) -- ILO modelled estimates, Nov. 2022","ILO - Modelled Estimates","2015",6033.42
"South-Eastern Asia and the Pacific: Lower-middle income","Output per worker (GDP constant 2015 US $) -- ILO modelled estimates, Nov. 2022","ILO - Modelled Estimates","2014",5780.11
"South-Eastern Asia and the Pacific: Lower-middle income","Output per worker (GDP constant 2015 US $) -- ILO modelled estimates, Nov. 2022","ILO - Modelled Estimates","2013",5560.75
"South-Eastern Asia and the Pacific: Lower-middle income","Output per worker (GDP constant 2015 US $) -- ILO modelled estimates, Nov. 2022","ILO - Modelled Estimates","2012",5317.77
"South-Eastern Asia and the Pacific: Upper-middle income","Output per worker (GDP constant 2015 US $) -- ILO modelled estimates, Nov. 2022","ILO - Modelled Estimates","2022",14580.42
"South-Eastern Asia and the Pacific: Upper-middle income","Output per worker (GDP constant 2015 US $) -- ILO modelled estimates, Nov. 2022","ILO - Modelled Estimates","2021",14115
"South-Eastern Asia and the Pacific: Upper-middle income","Output per worker (GDP constant 2015 US $) -- ILO modelled estimates, Nov. 2022","ILO - Modelled Estimates","2020",13944.54
"South-Eastern Asia and the Pacific: Upper-middle income","Output per worker (GDP constant 2015 US $) -- ILO modelled estimates, Nov. 2022","ILO - Modelled Estimates","2019",14847.2
"South-Eastern Asia and the Pacific: Upper-middle income","Output per worker (GDP constant 2015 US $) -- ILO modelled estimates, Nov. 2022","ILO - Modelled Estimates","2018",14431.4
"South-Eastern Asia and the Pacific: Upper-middle income","Output per worker (GDP constant 2015 US $) -- ILO modelled estimates, Nov. 2022","ILO - Modelled Estimates","2017",14022.92
"South-Eastern Asia and the Pacific: Upper-middle income","Output per worker (GDP constant 2015 US $) -- ILO modelled estimates, Nov. 2022","ILO - Modelled Estimates","2016",13400.73
"South-Eastern Asia and the Pacific: Upper-middle income","Output per worker (GDP constant 2015 US $) -- ILO modelled estimates, Nov. 2022","ILO - Modelled Estimates","2015",12884.65
"South-Eastern Asia and the Pacific: Upper-middle income","Output per worker (GDP constant 2015 US $) -- ILO modelled estimates, Nov. 2022","ILO - Modelled Estimates","2014",12460.8
"South-Eastern Asia and the Pacific: Upper-middle income","Output per worker (GDP constant 2015 US $) -- ILO modelled estimates, Nov. 2022","ILO - Modelled Estimates","2013",12178.24
"South-Eastern Asia and the Pacific: Upper-middle income","Output per worker (GDP constant 2015 US $) -- ILO modelled estimates, Nov. 2022","ILO - Modelled Estimates","2012",11688.27
"South-Eastern Asia and the Pacific: High income","Output per worker (GDP constant 2015 US $) -- ILO modelled estimates, Nov. 2022","ILO - Modelled Estimates","2022",106602.22
"South-Eastern Asia and the Pacific: High income","Output per worker (GDP constant 2015 US $) -- ILO modelled estimates, Nov. 2022","ILO - Modelled Estimates","2021",105885.93
"South-Eastern Asia and the Pacific: High income","Output per worker (GDP constant 2015 US $) -- ILO modelled estimates, Nov. 2022","ILO - Modelled Estimates","2020",104079.96
"South-Eastern Asia and the Pacific: High income","Output per worker (GDP constant 2015 US $) -- ILO modelled estimates, Nov. 2022","ILO - Modelled Estimates","2019",105839.88
"South-Eastern Asia and the Pacific: High income","Output per worker (GDP constant 2015 US $) -- ILO modelled estimates, Nov. 2022","ILO - Modelled Estimates","2018",106117.58
"South-Eastern Asia and the Pacific: High income","Output per worker (GDP constant 2015 US $) -- ILO modelled estimates, Nov. 2022","ILO - Modelled Estimates","2017",105442.59
"South-Eastern Asia and the Pacific: High income","Output per worker (GDP constant 2015 US $) -- ILO modelled estimates, Nov. 2022","ILO - Modelled Estimates","2016",104704.79
"South-Eastern Asia and the Pacific: High income","Output per worker (GDP constant 2015 US $) -- ILO modelled estimates, Nov. 2022","ILO - Modelled Estimates","2015",103582.6
"South-Eastern Asia and the Pacific: High income","Output per worker (GDP constant 2015 US $) -- ILO modelled estimates, Nov. 2022","ILO - Modelled Estimates","2014",103342.55
"South-Eastern Asia and the Pacific: High income","Output per worker (GDP constant 2015 US $) -- ILO modelled estimates, Nov. 2022","ILO - Modelled Estimates","2013",102101.32
"South-Eastern Asia and the Pacific: High income","Output per worker (GDP constant 2015 US $) -- ILO modelled estimates, Nov. 2022","ILO - Modelled Estimates","2012",100504.27
"South-Eastern Asia","Output per worker (GDP constant 2015 US $) -- ILO modelled estimates, Nov. 2022","ILO - Modelled Estimates","2022",9726.77
"South-Eastern Asia","Output per worker (GDP constant 2015 US $) -- ILO modelled estimates, Nov. 2022","ILO - Modelled Estimates","2021",9483.01
"South-Eastern Asia","Output per worker (GDP constant 2015 US $) -- ILO modelled estimates, Nov. 2022","ILO - Modelled Estimates","2020",9250.91
"South-Eastern Asia","Output per worker (GDP constant 2015 US $) -- ILO modelled estimates, Nov. 2022","ILO - Modelled Estimates","2019",9449.32
"South-Eastern Asia","Output per worker (GDP constant 2015 US $) -- ILO modelled estimates, Nov. 2022","ILO - Modelled Estimates","2018",9203.76
"South-Eastern Asia","Output per worker (GDP constant 2015 US $) -- ILO modelled estimates, Nov. 2022","ILO - Modelled Estimates","2017",8914.77
"South-Eastern Asia","Output per worker (GDP constant 2015 US $) -- ILO modelled estimates, Nov. 2022","ILO - Modelled Estimates","2016",8533.57
"South-Eastern Asia","Output per worker (GDP constant 2015 US $) -- ILO modelled estimates, Nov. 2022","ILO - Modelled Estimates","2015",8195.95
"South-Eastern Asia","Output per worker (GDP constant 2015 US $) -- ILO modelled estimates, Nov. 2022","ILO - Modelled Estimates","2014",7903.5
"South-Eastern Asia","Output per worker (GDP constant 2015 US $) -- ILO modelled estimates, Nov. 2022","ILO - Modelled Estimates","2013",7671.03
"South-Eastern Asia","Output per worker (GDP constant 2015 US $) -- ILO modelled estimates, Nov. 2022","ILO - Modelled Estimates","2012",7369.3
"Pacific Islands","Output per worker (GDP constant 2015 US $) -- ILO modelled estimates, Nov. 2022","ILO - Modelled Estimates","2022",88724.77
"Pacific Islands","Output per worker (GDP constant 2015 US $) -- ILO modelled estimates, Nov. 2022","ILO - Modelled Estimates","2021",88366.62
"Pacific Islands","Output per worker (GDP constant 2015 US $) -- ILO modelled estimates, Nov. 2022","ILO - Modelled Estimates","2020",87268.75
"Pacific Islands","Output per worker (GDP constant 2015 US $) -- ILO modelled estimates, Nov. 2022","ILO - Modelled Estimates","2019",88786.08
"Pacific Islands","Output per worker (GDP constant 2015 US $) -- ILO modelled estimates, Nov. 2022","ILO - Modelled Estimates","2018",88931.2
"Pacific Islands","Output per worker (GDP constant 2015 US $) -- ILO modelled estimates, Nov. 2022","ILO - Modelled Estimates","2017",88733.95
"Pacific Islands","Output per worker (GDP constant 2015 US $) -- ILO modelled estimates, Nov. 2022","ILO - Modelled Estimates","2016",88728.34
"Pacific Islands","Output per worker (GDP constant 2015 US $) -- ILO modelled estimates, Nov. 2022","ILO - Modelled Estimates","2015",88080.66
"Pacific Islands","Output per worker (GDP constant 2015 US $) -- ILO modelled estimates, Nov. 2022","ILO - Modelled Estimates","2014",87765.09
"Pacific Islands","Output per worker (GDP constant 2015 US $) -- ILO modelled estimates, Nov. 2022","ILO - Modelled Estimates","2013",86509
"Pacific Islands","Output per worker (GDP constant 2015 US $) -- ILO modelled estimates, Nov. 2022","ILO - Modelled Estimates","2012",85489.88
"Southern Asia","Output per worker (GDP constant 2015 US $) -- ILO modelled estimates, Nov. 2022","ILO - Modelled Estimates","2022",6195.88
"Southern Asia","Output per worker (GDP constant 2015 US $) -- ILO modelled estimates, Nov. 2022","ILO - Modelled Estimates","2021",6042.04
"Southern Asia","Output per worker (GDP constant 2015 US $) -- ILO modelled estimates, Nov. 2022","ILO - Modelled Estimates","2020",5869.11
"Southern Asia","Output per worker (GDP constant 2015 US $) -- ILO modelled estimates, Nov. 2022","ILO - Modelled Estimates","2019",5897.49
"Southern Asia","Output per worker (GDP constant 2015 US $) -- ILO modelled estimates, Nov. 2022","ILO - Modelled Estimates","2018",6025.11
"Southern Asia","Output per worker (GDP constant 2015 US $) -- ILO modelled estimates, Nov. 2022","ILO - Modelled Estimates","2017",5744.32
"Southern Asia","Output per worker (GDP constant 2015 US $) -- ILO modelled estimates, Nov. 2022","ILO - Modelled Estimates","2016",5473.5
"Southern Asia","Output per worker (GDP constant 2015 US $) -- ILO modelled estimates, Nov. 2022","ILO - Modelled Estimates","2015",5098.53
"Southern Asia","Output per worker (GDP constant 2015 US $) -- ILO modelled estimates, Nov. 2022","ILO - Modelled Estimates","2014",4833.49
"Southern Asia","Output per worker (GDP constant 2015 US $) -- ILO modelled estimates, Nov. 2022","ILO - Modelled Estimates","2013",4557.84
"Southern Asia","Output per worker (GDP constant 2015 US $) -- ILO modelled estimates, Nov. 2022","ILO - Modelled Estimates","2012",4373.26
"Southern Asia: Lower-middle income","Output per worker (GDP constant 2015 US $) -- ILO modelled estimates, Nov. 2022","ILO - Modelled Estimates","2022",6232.87
"Southern Asia: Lower-middle income","Output per worker (GDP constant 2015 US $) -- ILO modelled estimates, Nov. 2022","ILO - Modelled Estimates","2021",6077.6
"Southern Asia: Lower-middle income","Output per worker (GDP constant 2015 US $) -- ILO modelled estimates, Nov. 2022","ILO - Modelled Estimates","2020",5908.21
"Southern Asia: Lower-middle income","Output per worker (GDP constant 2015 US $) -- ILO modelled estimates, Nov. 2022","ILO - Modelled Estimates","2019",5939.75
"Southern Asia: Lower-middle income","Output per worker (GDP constant 2015 US $) -- ILO modelled estimates, Nov. 2022","ILO - Modelled Estimates","2018",6070.01
"Southern Asia: Lower-middle income","Output per worker (GDP constant 2015 US $) -- ILO modelled estimates, Nov. 2022","ILO - Modelled Estimates","2017",5783.12
"Southern Asia: Lower-middle income","Output per worker (GDP constant 2015 US $) -- ILO modelled estimates, Nov. 2022","ILO - Modelled Estimates","2016",5508.27
"Southern Asia: Lower-middle income","Output per worker (GDP constant 2015 US $) -- ILO modelled estimates, Nov. 2022","ILO - Modelled Estimates","2015",5128
"Southern Asia: Lower-middle income","Output per worker (GDP constant 2015 US $) -- ILO modelled estimates, Nov. 2022","ILO - Modelled Estimates","2014",4858.3
"Southern Asia: Lower-middle income","Output per worker (GDP constant 2015 US $) -- ILO modelled estimates, Nov. 2022","ILO - Modelled Estimates","2013",4577.5
"Southern Asia: Lower-middle income","Output per worker (GDP constant 2015 US $) -- ILO modelled estimates, Nov. 2022","ILO - Modelled Estimates","2012",4390.22
"Central and Western Asia: Lower-middle income","Output per worker (GDP constant 2015 US $) -- ILO modelled estimates, Nov. 2022","ILO - Modelled Estimates","2022",8092.57
"Central and Western Asia: Lower-middle income","Output per worker (GDP constant 2015 US $) -- ILO modelled estimates, Nov. 2022","ILO - Modelled Estimates","2021",7838.84
"Central and Western Asia: Lower-middle income","Output per worker (GDP constant 2015 US $) -- ILO modelled estimates, Nov. 2022","ILO - Modelled Estimates","2020",7431.96
"Central and Western Asia: Lower-middle income","Output per worker (GDP constant 2015 US $) -- ILO modelled estimates, Nov. 2022","ILO - Modelled Estimates","2019",7345.03
"Central and Western Asia: Lower-middle income","Output per worker (GDP constant 2015 US $) -- ILO modelled estimates, Nov. 2022","ILO - Modelled Estimates","2018",7022.62
"Central and Western Asia: Lower-middle income","Output per worker (GDP constant 2015 US $) -- ILO modelled estimates, Nov. 2022","ILO - Modelled Estimates","2017",6704.32
"Central and Western Asia: Lower-middle income","Output per worker (GDP constant 2015 US $) -- ILO modelled estimates, Nov. 2022","ILO - Modelled Estimates","2016",6427.52
"Central and Western Asia: Lower-middle income","Output per worker (GDP constant 2015 US $) -- ILO modelled estimates, Nov. 2022","ILO - Modelled Estimates","2015",6139.28
"Central and Western Asia: Lower-middle income","Output per worker (GDP constant 2015 US $) -- ILO modelled estimates, Nov. 2022","ILO - Modelled Estimates","2014",5816.34
"Central and Western Asia: Lower-middle income","Output per worker (GDP constant 2015 US $) -- ILO modelled estimates, Nov. 2022","ILO - Modelled Estimates","2013",5519.53
"Central and Western Asia: Lower-middle income","Output per worker (GDP constant 2015 US $) -- ILO modelled estimates, Nov. 2022","ILO - Modelled Estimates","2012",5185.2
"Central and Western Asia: Upper-middle income","Output per worker (GDP constant 2015 US $) -- ILO modelled estimates, Nov. 2022","ILO - Modelled Estimates","2022",31006.08
"Central and Western Asia: Upper-middle income","Output per worker (GDP constant 2015 US $) -- ILO modelled estimates, Nov. 2022","ILO - Modelled Estimates","2021",30825.3
"Central and Western Asia: Upper-middle income","Output per worker (GDP constant 2015 US $) -- ILO modelled estimates, Nov. 2022","ILO - Modelled Estimates","2020",29285.09
"Central and Western Asia: Upper-middle income","Output per worker (GDP constant 2015 US $) -- ILO modelled estimates, Nov. 2022","ILO - Modelled Estimates","2019",28154.96
"Central and Western Asia: Upper-middle income","Output per worker (GDP constant 2015 US $) -- ILO modelled estimates, Nov. 2022","ILO - Modelled Estimates","2018",27283.03
"Central and Western Asia: Upper-middle income","Output per worker (GDP constant 2015 US $) -- ILO modelled estimates, Nov. 2022","ILO - Modelled Estimates","2017",26741.01
"Central and Western Asia: Upper-middle income","Output per worker (GDP constant 2015 US $) -- ILO modelled estimates, Nov. 2022","ILO - Modelled Estimates","2016",25645.49
"Central and Western Asia: Upper-middle income","Output per worker (GDP constant 2015 US $) -- ILO modelled estimates, Nov. 2022","ILO - Modelled Estimates","2015",25478.41
"Central and Western Asia: Upper-middle income","Output per worker (GDP constant 2015 US $) -- ILO modelled estimates, Nov. 2022","ILO - Modelled Estimates","2014",24887.17
"Central and Western Asia: Upper-middle income","Output per worker (GDP constant 2015 US $) -- ILO modelled estimates, Nov. 2022","ILO - Modelled Estimates","2013",24094.57
"Central and Western Asia: Upper-middle income","Output per worker (GDP constant 2015 US $) -- ILO modelled estimates, Nov. 2022","ILO - Modelled Estimates","2012",22878.43
"Central and Western Asia: High income","Output per worker (GDP constant 2015 US $) -- ILO modelled estimates, Nov. 2022","ILO - Modelled Estimates","2022",92033.52
"Central and Western Asia: High income","Output per worker (GDP constant 2015 US $) -- ILO modelled estimates, Nov. 2022","ILO - Modelled Estimates","2021",89879.09
"Central and Western Asia: High income","Output per worker (GDP constant 2015 US $) -- ILO modelled estimates, Nov. 2022","ILO - Modelled Estimates","2020",85734.06
"Central and Western Asia: High income","Output per worker (GDP constant 2015 US $) -- ILO modelled estimates, Nov. 2022","ILO - Modelled Estimates","2019",86357.05
"Central and Western Asia: High income","Output per worker (GDP constant 2015 US $) -- ILO modelled estimates, Nov. 2022","ILO - Modelled Estimates","2018",84464.71
"Central and Western Asia: High income","Output per worker (GDP constant 2015 US $) -- ILO modelled estimates, Nov. 2022","ILO - Modelled Estimates","2017",83063.12
"Central and Western Asia: High income","Output per worker (GDP constant 2015 US $) -- ILO modelled estimates, Nov. 2022","ILO - Modelled Estimates","2016",81388.77
"Central and Western Asia: High income","Output per worker (GDP constant 2015 US $) -- ILO modelled estimates, Nov. 2022","ILO - Modelled Estimates","2015",79529.36
"Central and Western Asia: High income","Output per worker (GDP constant 2015 US $) -- ILO modelled estimates, Nov. 2022","ILO - Modelled Estimates","2014",79202.64
"Central and Western Asia: High income","Output per worker (GDP constant 2015 US $) -- ILO modelled estimates, Nov. 2022","ILO - Modelled Estimates","2013",78421.28
"Central and Western Asia: High income","Output per worker (GDP constant 2015 US $) -- ILO modelled estimates, Nov. 2022","ILO - Modelled Estimates","2012",76675.56
