setting,age_floor,vaccine_type,dose,delivered,last_update,update_source,comments
PNG,18,,1,359043,30/10/2022,https://covid19.info.gov.pg/Covax%20Updates/COVAX%20update%20%23263_31102022.pdf,
PNG,45,,1,105439,30/10/2022,https://covid19.info.gov.pg/Covax%20Updates/COVAX%20update%20%23263_31102022.pdf,
PNG,18,,3,29053,30/10/2022,https://covid19.info.gov.pg/Covax%20Updates/COVAX%20update%20%23263_31102022.pdf,
PNG,45,,3,11139,30/10/2022,https://covid19.info.gov.pg/Covax%20Updates/COVAX%20update%20%23263_31102022.pdf,
TLS,18,AstraZeneca,1,103127,9/06/2021,https://cdn.who.int/media/docs/default-source/searo/timor-leste/tls-covid19-sitrep-103-eng-09062021.pdf?sfvrsn=af8ebe23_3,
TLS,18,AstraZeneca,1,198745,7/07/2021,https://cdn.who.int/media/docs/default-source/searo/timor-leste/tls-covid19-sitrep-107-eng-07072021.pdf?sfvrsn=948117b6_5,
TLS,18,AstraZeneca,2,26367,7/07/2021,https://cdn.who.int/media/docs/default-source/searo/timor-leste/tls-covid19-sitrep-107-eng-07072021.pdf?sfvrsn=948117b6_5,
TLS,18,Sinovac,1,20244,7/07/2021,https://cdn.who.int/media/docs/default-source/searo/timor-leste/tls-covid19-sitrep-107-eng-07072021.pdf?sfvrsn=948117b6_5,
TLS,18,Sinovac,2,3,7/07/2021,https://cdn.who.int/media/docs/default-source/searo/timor-leste/tls-covid19-sitrep-107-eng-07072021.pdf?sfvrsn=948117b6_5,
TLS,18,AstraZeneca,1,264500,4/08/2021,https://cdn.who.int/media/docs/default-source/searo/timor-leste/tls-covid19-sitrep-111-eng-04082021.pdf?sfvrsn=18e199dd_5,
TLS,18,AstraZeneca,2,85559,4/08/2021,https://cdn.who.int/media/docs/default-source/searo/timor-leste/tls-covid19-sitrep-111-eng-04082021.pdf?sfvrsn=18e199dd_5,
TLS,18,Sinovac,1,36604,4/08/2021,https://cdn.who.int/media/docs/default-source/searo/timor-leste/tls-covid19-sitrep-111-eng-04082021.pdf?sfvrsn=18e199dd_5,
TLS,18,Sinovac,2,18709,4/08/2021,https://cdn.who.int/media/docs/default-source/searo/timor-leste/tls-covid19-sitrep-111-eng-04082021.pdf?sfvrsn=18e199dd_5,
TLS,18,AstraZeneca,1,346267,1/09/2021,https://cdn.who.int/media/docs/default-source/searo/timor-leste/tls-covid19-sitrep-115-eng-01092021.pdf?sfvrsn=6632d291_5,
TLS,18,AstraZeneca,2,168745,1/09/2021,https://cdn.who.int/media/docs/default-source/searo/timor-leste/tls-covid19-sitrep-115-eng-01092021.pdf?sfvrsn=6632d291_5,
TLS,18,Sinovac,1,45456,1/09/2021,https://cdn.who.int/media/docs/default-source/searo/timor-leste/tls-covid19-sitrep-115-eng-01092021.pdf?sfvrsn=6632d291_5,
TLS,18,Sinovac,2,32003,1/09/2021,https://cdn.who.int/media/docs/default-source/searo/timor-leste/tls-covid19-sitrep-115-eng-01092021.pdf?sfvrsn=6632d291_5,
TLS,18,AstraZeneca,1,416472,5/10/2021,https://cdn.who.int/media/docs/default-source/searo/timor-leste/tls-c19-sitrep-120-eng-051020218310f18d-7273-433f-9055-1039b02cbbe7.pdf?sfvrsn=25edb53_1,
TLS,18,AstraZeneca,2,246774,5/10/2021,https://cdn.who.int/media/docs/default-source/searo/timor-leste/tls-c19-sitrep-120-eng-051020218310f18d-7273-433f-9055-1039b02cbbe7.pdf?sfvrsn=25edb53_1,
TLS,18,Sinovac,1,47172,5/10/2021,https://cdn.who.int/media/docs/default-source/searo/timor-leste/tls-c19-sitrep-120-eng-051020218310f18d-7273-433f-9055-1039b02cbbe7.pdf?sfvrsn=25edb53_1,
TLS,18,Sinovac,2,42350,5/10/2021,https://cdn.who.int/media/docs/default-source/searo/timor-leste/tls-c19-sitrep-120-eng-051020218310f18d-7273-433f-9055-1039b02cbbe7.pdf?sfvrsn=25edb53_1,
TLS,18,AstraZeneca,1,514094,2/11/2021,https://cdn.who.int/media/docs/default-source/searo/timor-leste/tls-c19-sitrep-124-eng-02112021.pdf?sfvrsn=9ed825e9_3,
TLS,18,AstraZeneca,2,321732,2/11/2021,https://cdn.who.int/media/docs/default-source/searo/timor-leste/tls-c19-sitrep-124-eng-02112021.pdf?sfvrsn=9ed825e9_3,
TLS,18,Sinovac,1,47181,2/11/2021,https://cdn.who.int/media/docs/default-source/searo/timor-leste/tls-c19-sitrep-124-eng-02112021.pdf?sfvrsn=9ed825e9_3,
TLS,18,Sinovac,2,44181,2/11/2021,https://cdn.who.int/media/docs/default-source/searo/timor-leste/tls-c19-sitrep-124-eng-02112021.pdf?sfvrsn=9ed825e9_3,
TLS,12,Pfizer,1,6939,2/11/2021,https://cdn.who.int/media/docs/default-source/searo/timor-leste/tls-c19-sitrep-124-eng-02112021.pdf?sfvrsn=9ed825e9_3,
TLS,18,AstraZeneca,1,570780,7/12/2021,https://cdn.who.int/media/docs/default-source/searo/timor-leste/tls-c19-sitrep-129-eng-07122021.pdf?sfvrsn=b03f664_1,
TLS,18,AstraZeneca,2,422503,7/12/2021,https://cdn.who.int/media/docs/default-source/searo/timor-leste/tls-c19-sitrep-129-eng-07122021.pdf?sfvrsn=b03f664_1,
TLS,18,Sinovac,1,47189,7/12/2021,https://cdn.who.int/media/docs/default-source/searo/timor-leste/tls-c19-sitrep-129-eng-07122021.pdf?sfvrsn=b03f664_1,
TLS,18,Sinovac,2,44466,7/12/2021,https://cdn.who.int/media/docs/default-source/searo/timor-leste/tls-c19-sitrep-129-eng-07122021.pdf?sfvrsn=b03f664_1,
TLS,12,Pfizer,1,34177,7/12/2021,https://cdn.who.int/media/docs/default-source/searo/timor-leste/tls-c19-sitrep-129-eng-07122021.pdf?sfvrsn=b03f664_1,
TLS,12,Pfizer,2,21602,7/12/2021,https://cdn.who.int/media/docs/default-source/searo/timor-leste/tls-c19-sitrep-129-eng-07122021.pdf?sfvrsn=b03f664_1,
TLS,18,AstraZeneca,1,582784,4/01/2022,https://cdn.who.int/media/docs/default-source/searo/timor-leste/tls-c19-sitrep-133-eng-04012022.pdf?sfvrsn=850897f2_1,
TLS,18,AstraZeneca,2,470433,4/01/2022,https://cdn.who.int/media/docs/default-source/searo/timor-leste/tls-c19-sitrep-133-eng-04012022.pdf?sfvrsn=850897f2_1,
TLS,18,Sinovac,1,47189,4/01/2022,https://cdn.who.int/media/docs/default-source/searo/timor-leste/tls-c19-sitrep-133-eng-04012022.pdf?sfvrsn=850897f2_1,
TLS,18,Sinovac,2,44516,4/01/2022,https://cdn.who.int/media/docs/default-source/searo/timor-leste/tls-c19-sitrep-133-eng-04012022.pdf?sfvrsn=850897f2_1,
TLS,12,Pfizer,1,35534,4/01/2022,https://cdn.who.int/media/docs/default-source/searo/timor-leste/tls-c19-sitrep-133-eng-04012022.pdf?sfvrsn=850897f2_1,
TLS,12,Pfizer,2,28022,4/01/2022,https://cdn.who.int/media/docs/default-source/searo/timor-leste/tls-c19-sitrep-133-eng-04012022.pdf?sfvrsn=850897f2_1,
TLS,18,AstraZeneca,1,588244,1/02/2022,https://cdn.who.int/media/docs/default-source/searo/timor-leste/tls-c19-sitrep-137-eng-01022022.pdf?sfvrsn=61697579_1,
TLS,18,AstraZeneca,2,490159,1/02/2022,https://cdn.who.int/media/docs/default-source/searo/timor-leste/tls-c19-sitrep-137-eng-01022022.pdf?sfvrsn=61697579_1,
TLS,18,Sinovac,1,47191,1/02/2022,https://cdn.who.int/media/docs/default-source/searo/timor-leste/tls-c19-sitrep-137-eng-01022022.pdf?sfvrsn=61697579_1,
TLS,18,Sinovac,2,44553,1/02/2022,https://cdn.who.int/media/docs/default-source/searo/timor-leste/tls-c19-sitrep-137-eng-01022022.pdf?sfvrsn=61697579_1,
TLS,12,Pfizer,1,37018,1/02/2022,https://cdn.who.int/media/docs/default-source/searo/timor-leste/tls-c19-sitrep-137-eng-01022022.pdf?sfvrsn=61697579_1,
TLS,12,Pfizer,2,29863,1/02/2022,https://cdn.who.int/media/docs/default-source/searo/timor-leste/tls-c19-sitrep-137-eng-01022022.pdf?sfvrsn=61697579_1,
TLS,18,Pfizer,3,5505,1/02/2022,https://cdn.who.int/media/docs/default-source/searo/timor-leste/tls-c19-sitrep-137-eng-01022022.pdf?sfvrsn=61697579_1,
TLS,18,AstraZeneca,1,592194,1/03/2022,https://cdn.who.int/media/docs/default-source/searo/timor-leste/tls-c19-sitrep-141-eng-01032022.pdf?sfvrsn=9f1f5577_1,
TLS,18,AstraZeneca,2,498012,1/03/2022,https://cdn.who.int/media/docs/default-source/searo/timor-leste/tls-c19-sitrep-141-eng-01032022.pdf?sfvrsn=9f1f5577_1,
TLS,18,Sinovac,1,47191,1/03/2022,https://cdn.who.int/media/docs/default-source/searo/timor-leste/tls-c19-sitrep-141-eng-01032022.pdf?sfvrsn=9f1f5577_1,
TLS,18,Sinovac,2,44582,1/03/2022,https://cdn.who.int/media/docs/default-source/searo/timor-leste/tls-c19-sitrep-141-eng-01032022.pdf?sfvrsn=9f1f5577_1,
TLS,12,Pfizer,1,40336,1/03/2022,https://cdn.who.int/media/docs/default-source/searo/timor-leste/tls-c19-sitrep-141-eng-01032022.pdf?sfvrsn=9f1f5577_1,
TLS,12,Pfizer,2,30636,1/03/2022,https://cdn.who.int/media/docs/default-source/searo/timor-leste/tls-c19-sitrep-141-eng-01032022.pdf?sfvrsn=9f1f5577_1,
TLS,18,Pfizer,3,11580,1/03/2022,https://cdn.who.int/media/docs/default-source/searo/timor-leste/tls-c19-sitrep-141-eng-01032022.pdf?sfvrsn=9f1f5577_1,
TLS,18,AstraZeneca,1,602542,5/04/2022,https://cdn.who.int/media/docs/default-source/searo/timor-leste/tls-c19-sitrep-146-eng-05042022.pdf?sfvrsn=eadb7fe5_1,
TLS,18,AstraZeneca,2,507073,5/04/2022,https://cdn.who.int/media/docs/default-source/searo/timor-leste/tls-c19-sitrep-146-eng-05042022.pdf?sfvrsn=eadb7fe5_1,
TLS,18,Sinovac,1,47197,5/04/2022,https://cdn.who.int/media/docs/default-source/searo/timor-leste/tls-c19-sitrep-146-eng-05042022.pdf?sfvrsn=eadb7fe5_1,
TLS,18,Sinovac,2,44626,5/04/2022,https://cdn.who.int/media/docs/default-source/searo/timor-leste/tls-c19-sitrep-146-eng-05042022.pdf?sfvrsn=eadb7fe5_1,
TLS,12,Pfizer,1,102717,5/04/2022,https://cdn.who.int/media/docs/default-source/searo/timor-leste/tls-c19-sitrep-146-eng-05042022.pdf?sfvrsn=eadb7fe5_1,
TLS,12,Pfizer,2,38788,5/04/2022,https://cdn.who.int/media/docs/default-source/searo/timor-leste/tls-c19-sitrep-146-eng-05042022.pdf?sfvrsn=eadb7fe5_1,
TLS,18,Pfizer,3,30161,5/04/2022,https://cdn.who.int/media/docs/default-source/searo/timor-leste/tls-c19-sitrep-146-eng-05042022.pdf?sfvrsn=eadb7fe5_1,
TLS,18,AstraZeneca,1,607719,3/05/2022,https://cdn.who.int/media/docs/default-source/searo/timor-leste/tls-c19-sitrep-148-eng-03052022.pdf?sfvrsn=830365ea_1,
TLS,18,AstraZeneca,2,514211,3/05/2022,https://cdn.who.int/media/docs/default-source/searo/timor-leste/tls-c19-sitrep-148-eng-03052022.pdf?sfvrsn=830365ea_1,
TLS,18,Sinovac,1,47315,3/05/2022,https://cdn.who.int/media/docs/default-source/searo/timor-leste/tls-c19-sitrep-148-eng-03052022.pdf?sfvrsn=830365ea_1,
TLS,18,Sinovac,2,44673,3/05/2022,https://cdn.who.int/media/docs/default-source/searo/timor-leste/tls-c19-sitrep-148-eng-03052022.pdf?sfvrsn=830365ea_1,
TLS,12,Pfizer,1,131599,3/05/2022,https://cdn.who.int/media/docs/default-source/searo/timor-leste/tls-c19-sitrep-148-eng-03052022.pdf?sfvrsn=830365ea_1,
TLS,12,Pfizer,2,69025,3/05/2022,https://cdn.who.int/media/docs/default-source/searo/timor-leste/tls-c19-sitrep-148-eng-03052022.pdf?sfvrsn=830365ea_1,
TLS,18,Pfizer,3,57804,3/05/2022,https://cdn.who.int/media/docs/default-source/searo/timor-leste/tls-c19-sitrep-148-eng-03052022.pdf?sfvrsn=830365ea_1,
TLS,18,Sinovac,3,1058,3/05/2022,https://cdn.who.int/media/docs/default-source/searo/timor-leste/tls-c19-sitrep-148-eng-03052022.pdf?sfvrsn=830365ea_1,
TLS,18,AstraZeneca,1,607764,31/05/2022,https://cdn.who.int/media/docs/default-source/searo/timor-leste/tls-c19-sitrep-149-eng-01062022.pdf?sfvrsn=6418fe6e_1,
TLS,18,AstraZeneca,2,514063,31/05/2022,https://cdn.who.int/media/docs/default-source/searo/timor-leste/tls-c19-sitrep-149-eng-01062022.pdf?sfvrsn=6418fe6e_1,
TLS,18,AstraZeneca,3,11,31/05/2022,https://cdn.who.int/media/docs/default-source/searo/timor-leste/tls-c19-sitrep-149-eng-01062022.pdf?sfvrsn=6418fe6e_1,
TLS,18,Sinovac,1,47567,31/05/2022,https://cdn.who.int/media/docs/default-source/searo/timor-leste/tls-c19-sitrep-149-eng-01062022.pdf?sfvrsn=6418fe6e_1,
TLS,18,Sinovac,2,44781,31/05/2022,https://cdn.who.int/media/docs/default-source/searo/timor-leste/tls-c19-sitrep-149-eng-01062022.pdf?sfvrsn=6418fe6e_1,
TLS,12,Pfizer,1,146321,31/05/2022,https://cdn.who.int/media/docs/default-source/searo/timor-leste/tls-c19-sitrep-149-eng-01062022.pdf?sfvrsn=6418fe6e_1,
TLS,12,Pfizer,2,106115,31/05/2022,https://cdn.who.int/media/docs/default-source/searo/timor-leste/tls-c19-sitrep-149-eng-01062022.pdf?sfvrsn=6418fe6e_1,
TLS,12,Pfizer,3,925,31/05/2022,https://cdn.who.int/media/docs/default-source/searo/timor-leste/tls-c19-sitrep-149-eng-01062022.pdf?sfvrsn=6418fe6e_1,
TLS,18,Sinovac,3,1068,31/05/2022,https://cdn.who.int/media/docs/default-source/searo/timor-leste/tls-c19-sitrep-149-eng-01062022.pdf?sfvrsn=6418fe6e_1,
TLS,18,Pfizer,1,5564,31/05/2022,https://cdn.who.int/media/docs/default-source/searo/timor-leste/tls-c19-sitrep-149-eng-01062022.pdf?sfvrsn=6418fe6e_1,
TLS,18,Pfizer,2,9330,31/05/2022,https://cdn.who.int/media/docs/default-source/searo/timor-leste/tls-c19-sitrep-149-eng-01062022.pdf?sfvrsn=6418fe6e_1,
TLS,18,Pfizer,3,92278,31/05/2022,https://cdn.who.int/media/docs/default-source/searo/timor-leste/tls-c19-sitrep-149-eng-01062022.pdf?sfvrsn=6418fe6e_1,
TLS,12,,1,173929,1/10/2022,WHO powerBI dashboard,
TLS,12,,2,148323,1/10/2022,WHO powerBI dashboard,
TLS,12,,3,2320,1/10/2022,WHO powerBI dashboard,
TLS,60,,1,79547,1/10/2022,WHO powerBI dashboard,
TLS,60,,2,68392,1/10/2022,WHO powerBI dashboard,
TLS,60,,3,22842,1/10/2022,WHO powerBI dashboard,
IDN,12,,1,1.3,5/07/2021,https://corona.jakarta.go.id/en/cakupan-vaksinasi,coverage_percentage
IDN,18,,1,53.3,5/07/2021,https://corona.jakarta.go.id/en/cakupan-vaksinasi,coverage_percentage
IDN,60,,1,65.8,5/07/2021,https://corona.jakarta.go.id/en/cakupan-vaksinasi,coverage_percentage
IDN,12,,1,59.8,1/08/2021,https://corona.jakarta.go.id/en/cakupan-vaksinasi,coverage_percentage
IDN,18,,1,90.8,1/08/2021,https://corona.jakarta.go.id/en/cakupan-vaksinasi,coverage_percentage
IDN,60,,1,69.1,1/08/2021,https://corona.jakarta.go.id/en/cakupan-vaksinasi,coverage_percentage
IDN,12,,1,82.1,2/09/2021,https://corona.jakarta.go.id/en/cakupan-vaksinasi,coverage_percentage
IDN,18,,1,116,2/09/2021,https://corona.jakarta.go.id/en/cakupan-vaksinasi,coverage_percentage
IDN,60,,1,87.2,2/09/2021,https://corona.jakarta.go.id/en/cakupan-vaksinasi,coverage_percentage
IDN,12,,1,86.6,2/10/2021,https://corona.jakarta.go.id/en/cakupan-vaksinasi,coverage_percentage
IDN,18,,1,124.4,2/10/2021,https://corona.jakarta.go.id/en/cakupan-vaksinasi,coverage_percentage
IDN,60,,1,91.6,2/10/2021,https://corona.jakarta.go.id/en/cakupan-vaksinasi,coverage_percentage
IDN,12,,1,88.4,1/11/2021,https://corona.jakarta.go.id/en/cakupan-vaksinasi,coverage_percentage
IDN,18,,1,129.5,1/11/2021,https://corona.jakarta.go.id/en/cakupan-vaksinasi,coverage_percentage
IDN,60,,1,94.2,1/11/2021,https://corona.jakarta.go.id/en/cakupan-vaksinasi,coverage_percentage
IDN,12,,1,137.8,1/12/2021,https://corona.jakarta.go.id/en/cakupan-vaksinasi,coverage_percentage
IDN,18,,1,124.7,1/12/2021,https://corona.jakarta.go.id/en/cakupan-vaksinasi,coverage_percentage
IDN,60,,1,101.8,1/12/2021,https://corona.jakarta.go.id/en/cakupan-vaksinasi,coverage_percentage
IDN,6,,1,49.1,2/01/2022,https://corona.jakarta.go.id/en/cakupan-vaksinasi,coverage_percentage
IDN,12,,1,138.7,2/01/2022,https://corona.jakarta.go.id/en/cakupan-vaksinasi,coverage_percentage
IDN,18,,1,130.8,2/01/2022,https://corona.jakarta.go.id/en/cakupan-vaksinasi,coverage_percentage
IDN,60,,1,79,2/01/2022,https://corona.jakarta.go.id/en/cakupan-vaksinasi,coverage_percentage
IDN,6,,1,69.4,1/02/2022,https://corona.jakarta.go.id/en/cakupan-vaksinasi,coverage_percentage
IDN,12,,1,138.7,1/02/2022,https://corona.jakarta.go.id/en/cakupan-vaksinasi,coverage_percentage
IDN,18,,1,131.8,1/02/2022,https://corona.jakarta.go.id/en/cakupan-vaksinasi,coverage_percentage
IDN,60,,1,80.1,1/02/2022,https://corona.jakarta.go.id/en/cakupan-vaksinasi,coverage_percentage
IDN,6,,1,71.1,3/03/2022,https://corona.jakarta.go.id/en/cakupan-vaksinasi,coverage_percentage
IDN,12,,1,138.7,3/03/2022,https://corona.jakarta.go.id/en/cakupan-vaksinasi,coverage_percentage
IDN,18,,1,135.5,3/03/2022,https://corona.jakarta.go.id/en/cakupan-vaksinasi,coverage_percentage
IDN,60,,1,80.3,3/03/2022,https://corona.jakarta.go.id/en/cakupan-vaksinasi,coverage_percentage
IDN,6,,1,72,1/04/2022,https://corona.jakarta.go.id/en/cakupan-vaksinasi,coverage_percentage
IDN,12,,1,138.7,1/04/2022,https://corona.jakarta.go.id/en/cakupan-vaksinasi,coverage_percentage
IDN,18,,1,136.2,1/04/2022,https://corona.jakarta.go.id/en/cakupan-vaksinasi,coverage_percentage
IDN,60,,1,80.3,1/04/2022,https://corona.jakarta.go.id/en/cakupan-vaksinasi,coverage_percentage
IDN,6,,1,72.6,1/05/2022,https://corona.jakarta.go.id/en/cakupan-vaksinasi,coverage_percentage
IDN,12,,1,138.7,1/05/2022,https://corona.jakarta.go.id/en/cakupan-vaksinasi,coverage_percentage
IDN,18,,1,136.9,1/05/2022,https://corona.jakarta.go.id/en/cakupan-vaksinasi,coverage_percentage
IDN,60,,1,80.5,1/05/2022,https://corona.jakarta.go.id/en/cakupan-vaksinasi,coverage_percentage
IDN,6,,1,72.9,2/06/2022,https://corona.jakarta.go.id/en/cakupan-vaksinasi,coverage_percentage
IDN,12,,1,138.7,2/06/2022,https://corona.jakarta.go.id/en/cakupan-vaksinasi,coverage_percentage
IDN,18,,1,136.9,2/06/2022,https://corona.jakarta.go.id/en/cakupan-vaksinasi,coverage_percentage
IDN,60,,1,80.6,2/06/2022,https://corona.jakarta.go.id/en/cakupan-vaksinasi,coverage_percentage
IDN,6,,1,73.3,2/07/2022,https://corona.jakarta.go.id/en/cakupan-vaksinasi,coverage_percentage
IDN,12,,1,138.7,2/07/2022,https://corona.jakarta.go.id/en/cakupan-vaksinasi,coverage_percentage
IDN,18,,1,137.2,2/07/2022,https://corona.jakarta.go.id/en/cakupan-vaksinasi,coverage_percentage
IDN,60,,1,80.7,2/07/2022,https://corona.jakarta.go.id/en/cakupan-vaksinasi,coverage_percentage
IDN,6,,1,73.7,1/08/2022,https://corona.jakarta.go.id/en/cakupan-vaksinasi,coverage_percentage
IDN,12,,1,138.7,1/08/2022,https://corona.jakarta.go.id/en/cakupan-vaksinasi,coverage_percentage
IDN,18,,1,137.7,1/08/2022,https://corona.jakarta.go.id/en/cakupan-vaksinasi,coverage_percentage
IDN,60,,1,80.9,1/08/2022,https://corona.jakarta.go.id/en/cakupan-vaksinasi,coverage_percentage
IDN,6,,1,74.1,2/09/2022,https://corona.jakarta.go.id/en/cakupan-vaksinasi,coverage_percentage
IDN,12,,1,138.7,2/09/2022,https://corona.jakarta.go.id/en/cakupan-vaksinasi,coverage_percentage
IDN,18,,1,138.2,2/09/2022,https://corona.jakarta.go.id/en/cakupan-vaksinasi,coverage_percentage
IDN,60,,1,81,2/09/2022,https://corona.jakarta.go.id/en/cakupan-vaksinasi,coverage_percentage
IDN,6,,1,74.2,2/10/2022,https://corona.jakarta.go.id/en/cakupan-vaksinasi,coverage_percentage
IDN,12,,1,138.7,2/10/2022,https://corona.jakarta.go.id/en/cakupan-vaksinasi,coverage_percentage
IDN,18,,1,138.1,2/10/2022,https://corona.jakarta.go.id/en/cakupan-vaksinasi,coverage_percentage
IDN,60,,1,81.2,2/10/2022,https://corona.jakarta.go.id/en/cakupan-vaksinasi,coverage_percentage
IDN,6,,1,74.3,1/11/2022,https://corona.jakarta.go.id/en/cakupan-vaksinasi,coverage_percentage
IDN,12,,1,138.7,1/11/2022,https://corona.jakarta.go.id/en/cakupan-vaksinasi,coverage_percentage
IDN,18,,1,138.1,1/11/2022,https://corona.jakarta.go.id/en/cakupan-vaksinasi,coverage_percentage
IDN,60,,1,81.2,1/11/2022,https://corona.jakarta.go.id/en/cakupan-vaksinasi,coverage_percentage
IDN,6,,1,74.3,3/12/2022,https://corona.jakarta.go.id/en/cakupan-vaksinasi,coverage_percentage
IDN,12,,1,138.7,3/12/2022,https://corona.jakarta.go.id/en/cakupan-vaksinasi,coverage_percentage
IDN,18,,1,138.9,3/12/2022,https://corona.jakarta.go.id/en/cakupan-vaksinasi,coverage_percentage
IDN,60,,1,81.3,3/12/2022,https://corona.jakarta.go.id/en/cakupan-vaksinasi,coverage_percentage
IDN,6,,1,74.4,2/01/2023,https://corona.jakarta.go.id/en/cakupan-vaksinasi,coverage_percentage
IDN,12,,1,138.7,2/01/2023,https://corona.jakarta.go.id/en/cakupan-vaksinasi,coverage_percentage
IDN,18,,1,138.9,2/01/2023,https://corona.jakarta.go.id/en/cakupan-vaksinasi,coverage_percentage
IDN,60,,1,81.3,2/01/2023,https://corona.jakarta.go.id/en/cakupan-vaksinasi,coverage_percentage
IDN,12,,2,0,5/07/2021,https://corona.jakarta.go.id/en/cakupan-vaksinasi,coverage_percentage
IDN,18,,2,17.7,5/07/2021,https://corona.jakarta.go.id/en/cakupan-vaksinasi,coverage_percentage
IDN,60,,2,58.7,5/07/2021,https://corona.jakarta.go.id/en/cakupan-vaksinasi,coverage_percentage
IDN,12,,2,0.7,1/08/2021,https://corona.jakarta.go.id/en/cakupan-vaksinasi,coverage_percentage
IDN,18,,2,30.8,1/08/2021,https://corona.jakarta.go.id/en/cakupan-vaksinasi,coverage_percentage
IDN,60,,2,59.3,1/08/2021,https://corona.jakarta.go.id/en/cakupan-vaksinasi,coverage_percentage
IDN,12,,2,59.7,2/09/2021,https://corona.jakarta.go.id/en/cakupan-vaksinasi,coverage_percentage
IDN,18,,2,65.6,2/09/2021,https://corona.jakarta.go.id/en/cakupan-vaksinasi,coverage_percentage
IDN,60,,2,75.2,2/09/2021,https://corona.jakarta.go.id/en/cakupan-vaksinasi,coverage_percentage
IDN,12,,2,71.8,2/10/2021,https://corona.jakarta.go.id/en/cakupan-vaksinasi,coverage_percentage
IDN,18,,2,90.1,2/10/2021,https://corona.jakarta.go.id/en/cakupan-vaksinasi,coverage_percentage
IDN,60,,2,80.2,2/10/2021,https://corona.jakarta.go.id/en/cakupan-vaksinasi,coverage_percentage
IDN,12,,2,74.7,1/11/2021,https://corona.jakarta.go.id/en/cakupan-vaksinasi,coverage_percentage
IDN,18,,2,97.8,1/11/2021,https://corona.jakarta.go.id/en/cakupan-vaksinasi,coverage_percentage
IDN,60,,2,83.2,1/11/2021,https://corona.jakarta.go.id/en/cakupan-vaksinasi,coverage_percentage
IDN,12,,2,113.7,1/12/2021,https://corona.jakarta.go.id/en/cakupan-vaksinasi,coverage_percentage
IDN,18,,2,100.3,1/12/2021,https://corona.jakarta.go.id/en/cakupan-vaksinasi,coverage_percentage
IDN,60,,2,91,1/12/2021,https://corona.jakarta.go.id/en/cakupan-vaksinasi,coverage_percentage
IDN,6,,2,0,2/01/2022,https://corona.jakarta.go.id/en/cakupan-vaksinasi,coverage_percentage
IDN,12,,2,114.4,2/01/2022,https://corona.jakarta.go.id/en/cakupan-vaksinasi,coverage_percentage
IDN,18,,2,107.2,2/01/2022,https://corona.jakarta.go.id/en/cakupan-vaksinasi,coverage_percentage
IDN,60,,2,71.3,2/01/2022,https://corona.jakarta.go.id/en/cakupan-vaksinasi,coverage_percentage
IDN,6,,2,40.7,1/02/2022,https://corona.jakarta.go.id/en/cakupan-vaksinasi,coverage_percentage
IDN,12,,2,114.4,1/02/2022,https://corona.jakarta.go.id/en/cakupan-vaksinasi,coverage_percentage
IDN,18,,2,109.4,1/02/2022,https://corona.jakarta.go.id/en/cakupan-vaksinasi,coverage_percentage
IDN,60,,2,72.7,1/02/2022,https://corona.jakarta.go.id/en/cakupan-vaksinasi,coverage_percentage
IDN,6,,2,56.4,3/03/2022,https://corona.jakarta.go.id/en/cakupan-vaksinasi,coverage_percentage
IDN,12,,2,114.4,3/03/2022,https://corona.jakarta.go.id/en/cakupan-vaksinasi,coverage_percentage
IDN,18,,2,114,3/03/2022,https://corona.jakarta.go.id/en/cakupan-vaksinasi,coverage_percentage
IDN,60,,2,73,3/03/2022,https://corona.jakarta.go.id/en/cakupan-vaksinasi,coverage_percentage
IDN,6,,2,59.7,1/04/2022,https://corona.jakarta.go.id/en/cakupan-vaksinasi,coverage_percentage
IDN,12,,2,114.4,1/04/2022,https://corona.jakarta.go.id/en/cakupan-vaksinasi,coverage_percentage
IDN,18,,2,115.3,1/04/2022,https://corona.jakarta.go.id/en/cakupan-vaksinasi,coverage_percentage
IDN,60,,2,73.3,1/04/2022,https://corona.jakarta.go.id/en/cakupan-vaksinasi,coverage_percentage
IDN,6,,2,61.1,1/05/2022,https://corona.jakarta.go.id/en/cakupan-vaksinasi,coverage_percentage
IDN,12,,2,114.4,1/05/2022,https://corona.jakarta.go.id/en/cakupan-vaksinasi,coverage_percentage
IDN,18,,2,116.5,1/05/2022,https://corona.jakarta.go.id/en/cakupan-vaksinasi,coverage_percentage
IDN,60,,2,73.6,1/05/2022,https://corona.jakarta.go.id/en/cakupan-vaksinasi,coverage_percentage
IDN,6,,2,61.7,2/06/2022,https://corona.jakarta.go.id/en/cakupan-vaksinasi,coverage_percentage
IDN,12,,2,114.4,2/06/2022,https://corona.jakarta.go.id/en/cakupan-vaksinasi,coverage_percentage
IDN,18,,2,116.9,2/06/2022,https://corona.jakarta.go.id/en/cakupan-vaksinasi,coverage_percentage
IDN,60,,2,73.8,2/06/2022,https://corona.jakarta.go.id/en/cakupan-vaksinasi,coverage_percentage
IDN,6,,2,62.2,2/07/2022,https://corona.jakarta.go.id/en/cakupan-vaksinasi,coverage_percentage
IDN,12,,2,114.4,2/07/2022,https://corona.jakarta.go.id/en/cakupan-vaksinasi,coverage_percentage
IDN,18,,2,117.2,2/07/2022,https://corona.jakarta.go.id/en/cakupan-vaksinasi,coverage_percentage
IDN,60,,2,73.9,2/07/2022,https://corona.jakarta.go.id/en/cakupan-vaksinasi,coverage_percentage
IDN,6,,2,62.7,1/08/2022,https://corona.jakarta.go.id/en/cakupan-vaksinasi,coverage_percentage
IDN,12,,2,114.4,1/08/2022,https://corona.jakarta.go.id/en/cakupan-vaksinasi,coverage_percentage
IDN,18,,2,117.5,1/08/2022,https://corona.jakarta.go.id/en/cakupan-vaksinasi,coverage_percentage
IDN,60,,2,74.1,1/08/2022,https://corona.jakarta.go.id/en/cakupan-vaksinasi,coverage_percentage
IDN,6,,2,63,2/09/2022,https://corona.jakarta.go.id/en/cakupan-vaksinasi,coverage_percentage
IDN,12,,2,114.4,2/09/2022,https://corona.jakarta.go.id/en/cakupan-vaksinasi,coverage_percentage
IDN,18,,2,118,2/09/2022,https://corona.jakarta.go.id/en/cakupan-vaksinasi,coverage_percentage
IDN,60,,2,74.2,2/09/2022,https://corona.jakarta.go.id/en/cakupan-vaksinasi,coverage_percentage
IDN,6,,2,63.2,2/10/2022,https://corona.jakarta.go.id/en/cakupan-vaksinasi,coverage_percentage
IDN,12,,2,114.4,2/10/2022,https://corona.jakarta.go.id/en/cakupan-vaksinasi,coverage_percentage
IDN,18,,2,118,2/10/2022,https://corona.jakarta.go.id/en/cakupan-vaksinasi,coverage_percentage
IDN,60,,2,74.3,2/10/2022,https://corona.jakarta.go.id/en/cakupan-vaksinasi,coverage_percentage
IDN,6,,2,63.2,1/11/2022,https://corona.jakarta.go.id/en/cakupan-vaksinasi,coverage_percentage
IDN,12,,2,114.4,1/11/2022,https://corona.jakarta.go.id/en/cakupan-vaksinasi,coverage_percentage
IDN,18,,2,118.1,1/11/2022,https://corona.jakarta.go.id/en/cakupan-vaksinasi,coverage_percentage
IDN,60,,2,74.4,1/11/2022,https://corona.jakarta.go.id/en/cakupan-vaksinasi,coverage_percentage
IDN,6,,2,63.4,3/12/2022,https://corona.jakarta.go.id/en/cakupan-vaksinasi,coverage_percentage
IDN,12,,2,114.4,3/12/2022,https://corona.jakarta.go.id/en/cakupan-vaksinasi,coverage_percentage
IDN,18,,2,119.4,3/12/2022,https://corona.jakarta.go.id/en/cakupan-vaksinasi,coverage_percentage
IDN,60,,2,74.6,3/12/2022,https://corona.jakarta.go.id/en/cakupan-vaksinasi,coverage_percentage
IDN,6,,2,63.6,2/01/2023,https://corona.jakarta.go.id/en/cakupan-vaksinasi,coverage_percentage
IDN,12,,2,114.4,2/01/2023,https://corona.jakarta.go.id/en/cakupan-vaksinasi,coverage_percentage
IDN,18,,2,119.4,2/01/2023,https://corona.jakarta.go.id/en/cakupan-vaksinasi,coverage_percentage
IDN,60,,2,74.7,2/01/2023,https://corona.jakarta.go.id/en/cakupan-vaksinasi,coverage_percentage
IDN,,,3,23.79,21/07/2022,https://vaksin.kemkes.go.id/#/vaccines,coverage_percentage
IDN,,,3,24.78,1/08/2022,https://vaksin.kemkes.go.id/#/vaccines,coverage_percentage
IDN,,,3,25.66,12/08/2022,https://vaksin.kemkes.go.id/#/vaccines,coverage_percentage
IDN,,,3,26.19,23/08/2022,https://vaksin.kemkes.go.id/#/vaccines,coverage_percentage
IDN,,,3,26.73,3/09/2022,https://vaksin.kemkes.go.id/#/vaccines,coverage_percentage
IDN,,,3,27.22,14/09/2022,https://vaksin.kemkes.go.id/#/vaccines,coverage_percentage
IDN,,,3,27.6,25/09/2022,https://vaksin.kemkes.go.id/#/vaccines,coverage_percentage
IDN,,,3,27.87,6/10/2022,https://vaksin.kemkes.go.id/#/vaccines,coverage_percentage
IDN,,,3,28,17/10/2022,https://vaksin.kemkes.go.id/#/vaccines,coverage_percentage
IDN,,,3,28.1,28/10/2022,https://vaksin.kemkes.go.id/#/vaccines,coverage_percentage
IDN,,,3,28.28,8/11/2022,https://vaksin.kemkes.go.id/#/vaccines,coverage_percentage
IDN,,,3,28.5,19/11/2022,https://vaksin.kemkes.go.id/#/vaccines,coverage_percentage
IDN,,,3,28.75,30/11/2022,https://vaksin.kemkes.go.id/#/vaccines,coverage_percentage
IDN,,,3,28.99,11/12/2022,https://vaksin.kemkes.go.id/#/vaccines,coverage_percentage
IDN,,,3,29.19,22/12/2022,https://vaksin.kemkes.go.id/#/vaccines,coverage_percentage
IDN,,,3,29.31,2/01/2023,https://vaksin.kemkes.go.id/#/vaccines,coverage_percentage
IDN,,,3,29.41,13/01/2023,https://vaksin.kemkes.go.id/#/vaccines,coverage_percentage
IDN,,,4,0,21/07/2022,https://vaksin.kemkes.go.id/#/vaccines,coverage_percentage
IDN,,,4,0.02,1/08/2022,https://vaksin.kemkes.go.id/#/vaccines,coverage_percentage
IDN,,,4,1.23,12/08/2022,https://vaksin.kemkes.go.id/#/vaccines,coverage_percentage
IDN,,,4,1.46,23/08/2022,https://vaksin.kemkes.go.id/#/vaccines,coverage_percentage
IDN,,,4,1.98,3/09/2022,https://vaksin.kemkes.go.id/#/vaccines,coverage_percentage
IDN,,,4,2.37,14/09/2022,https://vaksin.kemkes.go.id/#/vaccines,coverage_percentage
IDN,,,4,2.66,25/09/2022,https://vaksin.kemkes.go.id/#/vaccines,coverage_percentage
IDN,,,4,2.83,6/10/2022,https://vaksin.kemkes.go.id/#/vaccines,coverage_percentage
IDN,,,4,2.9,17/10/2022,https://vaksin.kemkes.go.id/#/vaccines,coverage_percentage
IDN,,,4,2.95,28/10/2022,https://vaksin.kemkes.go.id/#/vaccines,coverage_percentage
IDN,,,4,3.05,8/11/2022,https://vaksin.kemkes.go.id/#/vaccines,coverage_percentage
IDN,,,4,3.21,19/11/2022,https://vaksin.kemkes.go.id/#/vaccines,coverage_percentage
IDN,,,4,3.81,30/11/2022,https://vaksin.kemkes.go.id/#/vaccines,coverage_percentage
IDN,,,4,4.48,11/12/2022,https://vaksin.kemkes.go.id/#/vaccines,coverage_percentage
IDN,,,4,4.93,22/12/2022,https://vaksin.kemkes.go.id/#/vaccines,coverage_percentage
IDN,,,4,5.12,2/01/2023,https://vaksin.kemkes.go.id/#/vaccines,coverage_percentage
IDN,,,4,5.27,13/01/2023,https://vaksin.kemkes.go.id/#/vaccines,coverage_percentage
IDN,60,,4,404343,20/01/2023,https://vaksin.kemkes.go.id/#/vaccines,elderly
IDN,18,,4,822021,20/01/2023,https://vaksin.kemkes.go.id/#/vaccines,HCW
IDN,60,,3,7233651,20/01/2023,https://vaksin.kemkes.go.id/#/vaccines,
IDN,12,,3,1499102,20/01/2023,https://vaksin.kemkes.go.id/#/vaccines,
IDN,6,,3,1712,20/01/2023,https://vaksin.kemkes.go.id/#/vaccines,
IDN,18,,3,60387491,20/01/2023,https://vaksin.kemkes.go.id/#/vaccines,
